"txn_id","amount","counterparty_name","counterparty_iban","purpose","currency","side","booking_date","value_date"
"4739286187","2198","TELEKOM DEUTSCHLAND GMBH","DE91700800000161109500","ZAHLBELEG 378896249168","EUR","debit","2025-03-18 23:00:00+00","2025-03-18 23:00:00+00"
"4739286289","2198","TELEKOM DEUTSCHLAND GMBH","DE78700800000144443000","ZAHLBELEG 378896249168","EUR","debit","2025-06-22 23:00:00+00","2025-06-22 23:00:00+00"
"4739286221","2198","TELEKOM DEUTSCHLAND GMBH","DE91700800000161109500","ZAHLBELEG 378896249168","EUR","debit","2025-04-19 23:00:00+00","2025-04-19 23:00:00+00"
"4739285616","2198","TELEKOM DEUTSCHLAND GMBH","DE91700800000161109500","ZAHLBELEG 378896249168","EUR","debit","2025-09-26 23:00:00+00","2025-09-26 23:00:00+00"
"4739286359","2198","TELEKOM DEUTSCHLAND GMBH","DE91700800000161109500","ZAHLBELEG 378896249168","EUR","debit","2025-08-25 23:00:00+00","2025-08-25 23:00:00+00"
"4739286392","2198","TELEKOM DEUTSCHLAND GMBH","DE91700800000161109500","ZAHLBELEG 378896249168","EUR","debit","2025-09-26 23:00:00+00","2025-09-26 23:00:00+00"
"4739285379","2015","TELEKOM DEUTSCHLAND GMBH","DE91700800000161109500","ZAHLBELEG 378896249168","EUR","debit","2025-02-14 23:00:00+00","2025-02-14 23:00:00+00"
"4739285446","2198","TELEKOM DEUTSCHLAND GMBH","DE91700800000161109500","ZAHLBELEG 378896249168","EUR","debit","2025-04-19 23:00:00+00","2025-04-19 23:00:00+00"
"4739286323","2198","TELEKOM DEUTSCHLAND GMBH","DE78700800000144443000","ZAHLBELEG 378896249168","EUR","debit","2025-07-24 23:00:00+00","2025-07-24 23:00:00+00"
"4739286120","1990","TELEKOM DEUTSCHLAND GMBH","DE37700800000133332000","ZAHLBELEG 378896249168","EUR","debit","2025-01-13 23:00:00+00","2025-01-13 23:00:00+00"
"4739285337","1990","TELEKOM DEUTSCHLAND GMBH","DE37700800000133332000","ZAHLBELEG 378896249168","EUR","debit","2025-01-13 23:00:00+00","2025-01-13 23:00:00+00"
"4739286256","1800","TELEKOM DEUTSCHLAND GMBH","DE91700800000161109500","ZAHLBELEG 378896249168","EUR","debit","2025-05-21 23:00:00+00","2025-05-21 23:00:00+00"
"4739285481","1800","TELEKOM DEUTSCHLAND GMBH","DE91700800000161109500","ZAHLBELEG 378896249168","EUR","debit","2025-05-21 23:00:00+00","2025-05-21 23:00:00+00"
"4739286154","2015","TELEKOM DEUTSCHLAND GMBH","DE91700800000161109500","ZAHLBELEG 378896249168","EUR","debit","2025-02-14 23:00:00+00","2025-02-14 23:00:00+00"
"4739285583","2198","TELEKOM DEUTSCHLAND GMBH","DE91700800000161109500","ZAHLBELEG 378896249168","EUR","debit","2025-08-25 23:00:00+00","2025-08-25 23:00:00+00"
"4739285514","2198","TELEKOM DEUTSCHLAND GMBH","DE78700800000144443000","ZAHLBELEG 378896249168","EUR","debit","2025-06-22 23:00:00+00","2025-06-22 23:00:00+00"
"4739285412","2198","TELEKOM DEUTSCHLAND GMBH","DE91700800000161109500","ZAHLBELEG 378896249168","EUR","debit","2025-03-18 23:00:00+00","2025-03-18 23:00:00+00"
"4739285547","2198","TELEKOM DEUTSCHLAND GMBH","DE78700800000144443000","ZAHLBELEG 378896249168","EUR","debit","2025-07-24 23:00:00+00","2025-07-24 23:00:00+00"
"4739286143","5445","Aldi Sued","DE93700800000122221000","Vielen Dank für Ihren Einkauf","EUR","debit","2025-02-02 23:00:00+00","2025-02-02 23:00:00+00"
"4739286320","1382","REWE Süd sagt danke","DE74700800000035698700","Vielen Dank für Ihren Einkauf","EUR","debit","2025-07-21 23:00:00+00","2025-07-21 23:00:00+00"
"4739285577","1382","Aldi Sued","DE74700800000035698700","Vielen Dank für Ihren Einkauf","EUR","debit","2025-08-22 23:00:00+00","2025-08-22 23:00:00+00"
"4739285568","2691","Aldi Sued","DE56700800000655132100","Vielen Dank für Ihren Einkauf","EUR","debit","2025-08-13 23:00:00+00","2025-08-13 23:00:00+00"
"4739285544","1382","REWE Süd sagt danke","DE74700800000035698700","Vielen Dank für Ihren Einkauf","EUR","debit","2025-07-21 23:00:00+00","2025-07-21 23:00:00+00"
"4739285535","2691","Tengelmann","DE18700800000124578965","Vielen Dank für Ihren Einkauf","EUR","debit","2025-07-12 23:00:00+00","2025-07-12 23:00:00+00"
"4739285435","2691","Aldi Sued","DE93700800000122221000","Vielen Dank für Ihren Einkauf","EUR","debit","2025-04-07 23:00:00+00","2025-04-07 23:00:00+00"
"4739286311","2691","Tengelmann","DE18700800000124578965","Vielen Dank für Ihren Einkauf","EUR","debit","2025-07-12 23:00:00+00","2025-07-12 23:00:00+00"
"4739285510","1382","Aldi Sued","DE74700800000035698700","Vielen Dank für Ihren Einkauf","EUR","debit","2025-06-19 23:00:00+00","2025-06-19 23:00:00+00"
"4739286285","1382","Aldi Sued","DE74700800000035698700","Vielen Dank für Ihren Einkauf","EUR","debit","2025-06-19 23:00:00+00","2025-06-19 23:00:00+00"
"4739285443","1382","Aldi Sued","DE89700800000000057526","Vielen Dank für Ihren Einkauf","EUR","debit","2025-04-16 23:00:00+00","2025-04-16 23:00:00+00"
"4739286277","2691","Aldi Sued","DE77700800000035687200","Vielen Dank für Ihren Einkauf","EUR","debit","2025-06-10 23:00:00+00","2025-06-10 23:00:00+00"
"4739285502","2691","Aldi Sued","DE77700800000035687200","Vielen Dank für Ihren Einkauf","EUR","debit","2025-06-10 23:00:00+00","2025-06-10 23:00:00+00"
"4739285477","1896","Aldi Sued","DE89700800000000057526","Vielen Dank für Ihren Einkauf","EUR","debit","2025-05-18 23:00:00+00","2025-05-18 23:00:00+00"
"4739285469","3325","Aldi Sued","DE93700800000122221000","Vielen Dank für Ihren Einkauf","EUR","debit","2025-05-09 23:00:00+00","2025-05-09 23:00:00+00"
"4739285366","5445","Aldi Sued","DE93700800000122221000","Vielen Dank für Ihren Einkauf","EUR","debit","2025-02-02 23:00:00+00","2025-02-02 23:00:00+00"
"4739286252","1896","Aldi Sued","DE89700800000000057526","Vielen Dank für Ihren Einkauf","EUR","debit","2025-05-18 23:00:00+00","2025-05-18 23:00:00+00"
"4739286388","1965","Aldi Sued","DE89700800000000057526","Vielen Dank für Ihren Einkauf","EUR","debit","2025-09-23 23:00:00+00","2025-09-23 23:00:00+00"
"4739285334","2521","Aldi Sued","DE94700800000000003213","Vielen Dank für Ihren Einkauf","EUR","debit","2025-01-10 23:00:00+00","2025-01-10 23:00:00+00"
"4739286379","2691","Aldi Sued","DE93700800000122221000","Vielen Dank für Ihren Einkauf","EUR","debit","2025-09-14 23:00:00+00","2025-09-14 23:00:00+00"
"4739285376","1382","Aldi Sued","DE89700800000000057526","Vielen Dank für Ihren Einkauf","EUR","debit","2025-02-11 23:00:00+00","2025-02-11 23:00:00+00"
"4739286244","3325","Aldi Sued","DE93700800000122221000","Vielen Dank für Ihren Einkauf","EUR","debit","2025-05-09 23:00:00+00","2025-05-09 23:00:00+00"
"4739286218","1382","Aldi Sued","DE89700800000000057526","Vielen Dank für Ihren Einkauf","EUR","debit","2025-04-16 23:00:00+00","2025-04-16 23:00:00+00"
"4739286210","2691","Aldi Sued","DE93700800000122221000","Vielen Dank für Ihren Einkauf","EUR","debit","2025-04-07 23:00:00+00","2025-04-07 23:00:00+00"
"4739286184","1382","Aldi Sued","DE89700800000000057526","Vielen Dank für Ihren Einkauf","EUR","debit","2025-03-15 23:00:00+00","2025-03-15 23:00:00+00"
"4739286176","2556","Aldi Sued","DE93700800000122221000","Vielen Dank für Ihren Einkauf","EUR","debit","2025-03-06 23:00:00+00","2025-03-06 23:00:00+00"
"4739286151","1382","Aldi Sued","DE89700800000000057526","Vielen Dank für Ihren Einkauf","EUR","debit","2025-02-11 23:00:00+00","2025-02-11 23:00:00+00"
"4739285603","2691","Aldi Sued","DE93700800000122221000","Vielen Dank für Ihren Einkauf","EUR","debit","2025-09-14 23:00:00+00","2025-09-14 23:00:00+00"
"4739285401","2556","Aldi Sued","DE93700800000122221000","Vielen Dank für Ihren Einkauf","EUR","debit","2025-03-06 23:00:00+00","2025-03-06 23:00:00+00"
"4739286117","2521","Aldi Sued","DE94700800000000003213","Vielen Dank für Ihren Einkauf","EUR","debit","2025-01-10 23:00:00+00","2025-01-10 23:00:00+00"
"4739286353","1382","Aldi Sued","DE74700800000035698700","Vielen Dank für Ihren Einkauf","EUR","debit","2025-08-22 23:00:00+00","2025-08-22 23:00:00+00"
"4739285326","2691","Aldi Sued","DE41700800000036213200","Vielen Dank für Ihren Einkauf","EUR","debit","2025-01-01 23:00:00+00","2025-01-01 23:00:00+00"
"4739285409","1382","Aldi Sued","DE89700800000000057526","Vielen Dank für Ihren Einkauf","EUR","debit","2025-03-15 23:00:00+00","2025-03-15 23:00:00+00"
"4739286344","2691","Aldi Sued","DE56700800000655132100","Vielen Dank für Ihren Einkauf","EUR","debit","2025-08-13 23:00:00+00","2025-08-13 23:00:00+00"
"4739286109","2691","Aldi Sued","DE41700800000036213200","Vielen Dank für Ihren Einkauf","EUR","debit","2025-01-01 23:00:00+00","2025-01-01 23:00:00+00"
"4739285612","1965","Aldi Sued","DE89700800000000057526","Vielen Dank für Ihren Einkauf","EUR","debit","2025-09-23 23:00:00+00","2025-09-23 23:00:00+00"
"4739285486","1869","Cafe und Konditorei","DE68700800000124515500","Vielen Dank für Ihren Besuch","EUR","debit","2025-05-25 23:00:00+00","2025-05-25 23:00:00+00"
"4739286124","1200","Cafe Glockenspiel","DE37700800000133332000","Vielen Dank für Ihren Besuch","EUR","debit","2025-01-17 23:00:00+00","2025-01-17 23:00:00+00"
"4739286328","2500","Cafe Guglhupf","DE23700800000124988700","Vielen Dank für Ihren Besuch","EUR","debit","2025-07-28 23:00:00+00","2025-07-28 23:00:00+00"
"4739285417","4545","Cafe am Dom","DE77700800000000998642","Vielen Dank für Ihren Besuch","EUR","debit","2025-03-22 23:00:00+00","2025-03-22 23:00:00+00"
"4739286363","1869","Cafe am Dom","DE77700800000000998642","Vielen Dank für Ihren Besuch","EUR","debit","2025-08-29 23:00:00+00","2025-08-29 23:00:00+00"
"4739285620","1869","Cafe Guglhupf","DE68700800000124515500","Vielen Dank für Ihren Besuch","EUR","debit","2025-09-30 23:00:00+00","2025-09-30 23:00:00+00"
"4739286158","1869","Cafe Ami","DE77700800000000998642","Vielen Dank für Ihren Besuch","EUR","debit","2025-02-18 23:00:00+00","2025-02-18 23:00:00+00"
"4739285519","1869","Cafe am Dom","DE23700800000124988700","Vielen Dank für Ihren Besuch","EUR","debit","2025-06-26 23:00:00+00","2025-06-26 23:00:00+00"
"4739286396","1869","Cafe Guglhupf","DE68700800000124515500","Vielen Dank für Ihren Besuch","EUR","debit","2025-09-30 23:00:00+00","2025-09-30 23:00:00+00"
"4739285587","1869","Cafe am Dom","DE77700800000000998642","Vielen Dank für Ihren Besuch","EUR","debit","2025-08-29 23:00:00+00","2025-08-29 23:00:00+00"
"4739286192","4545","Cafe am Dom","DE77700800000000998642","Vielen Dank für Ihren Besuch","EUR","debit","2025-03-22 23:00:00+00","2025-03-22 23:00:00+00"
"4739285451","1919","Cafe am Dom","DE77700800000000998642","Vielen Dank für Ihren Besuch","EUR","debit","2025-04-23 23:00:00+00","2025-04-23 23:00:00+00"
"4739285552","2500","Cafe Guglhupf","DE23700800000124988700","Vielen Dank für Ihren Besuch","EUR","debit","2025-07-28 23:00:00+00","2025-07-28 23:00:00+00"
"4739286295","1869","Cafe am Dom","DE23700800000124988700","Vielen Dank für Ihren Besuch","EUR","debit","2025-06-26 23:00:00+00","2025-06-26 23:00:00+00"
"4739285341","1200","Cafe Glockenspiel","DE37700800000133332000","Vielen Dank für Ihren Besuch","EUR","debit","2025-01-17 23:00:00+00","2025-01-17 23:00:00+00"
"4739286226","1919","Cafe am Dom","DE77700800000000998642","Vielen Dank für Ihren Besuch","EUR","debit","2025-04-23 23:00:00+00","2025-04-23 23:00:00+00"
"4739285383","1869","Cafe Ami","DE77700800000000998642","Vielen Dank für Ihren Besuch","EUR","debit","2025-02-18 23:00:00+00","2025-02-18 23:00:00+00"
"4739286261","1869","Cafe und Konditorei","DE68700800000124515500","Vielen Dank für Ihren Besuch","EUR","debit","2025-05-25 23:00:00+00","2025-05-25 23:00:00+00"
"4739285441","7623","Nabholz Reifendienst","DE81700800000000025369","Vielen Dank für Ihren Auftrag","EUR","debit","2025-04-14 23:00:00+00","2025-04-14 23:00:00+00"
"4739286216","7623","Nabholz Reifendienst","DE81700800000000025369","Vielen Dank für Ihren Auftrag","EUR","debit","2025-04-14 23:00:00+00","2025-04-14 23:00:00+00"
"4739286182","7623","Nabholz Reifendienst","DE81700800000000025369","Vielen Dank für Ihren Auftrag","EUR","debit","2025-03-13 23:00:00+00","2025-03-13 23:00:00+00"
"4739286115","7623","Nabholz Reifendienst","DE74700800000035698700","Vielen Dank für Ihren Auftrag","EUR","debit","2025-01-08 23:00:00+00","2025-01-08 23:00:00+00"
"4739286149","7623","Nabholz Reifendienst","DE81700800000000025369","Vielen Dank für Ihren Auftrag","EUR","debit","2025-02-09 23:00:00+00","2025-02-09 23:00:00+00"
"4739285475","7623","Nabholz Reifendienst","DE81700800000000025369","Vielen Dank für Ihren Auftrag","EUR","debit","2025-05-16 23:00:00+00","2025-05-16 23:00:00+00"
"4739286317","7623","Nabholz Reifendienst","DE26700800000012554200","Vielen Dank für Ihren Auftrag","EUR","debit","2025-07-19 23:00:00+00","2025-07-19 23:00:00+00"
"4739286250","7623","Nabholz Reifendienst","DE81700800000000025369","Vielen Dank für Ihren Auftrag","EUR","debit","2025-05-16 23:00:00+00","2025-05-16 23:00:00+00"
"4739285541","7623","Nabholz Reifendienst","DE26700800000012554200","Vielen Dank für Ihren Auftrag","EUR","debit","2025-07-19 23:00:00+00","2025-07-19 23:00:00+00"
"4739285575","1245","Nabholz Reifendienst","DE31700800000000024523","Vielen Dank für Ihren Auftrag","EUR","debit","2025-08-20 23:00:00+00","2025-08-20 23:00:00+00"
"4739285374","7623","Nabholz Reifendienst","DE81700800000000025369","Vielen Dank für Ihren Auftrag","EUR","debit","2025-02-09 23:00:00+00","2025-02-09 23:00:00+00"
"4739285610","6645","Nabholz Reifendienst","DE81700800000000025369","Vielen Dank für Ihren Auftrag","EUR","debit","2025-09-21 23:00:00+00","2025-09-21 23:00:00+00"
"4739286351","1245","Nabholz Reifendienst","DE31700800000000024523","Vielen Dank für Ihren Auftrag","EUR","debit","2025-08-20 23:00:00+00","2025-08-20 23:00:00+00"
"4739285332","7623","Nabholz Reifendienst","DE74700800000035698700","Vielen Dank für Ihren Auftrag","EUR","debit","2025-01-08 23:00:00+00","2025-01-08 23:00:00+00"
"4739286283","7623","Nabholz Reifendienst","DE02700800000056567800","Vielen Dank für Ihren Auftrag","EUR","debit","2025-06-17 23:00:00+00","2025-06-17 23:00:00+00"
"4739286386","6645","Nabholz Reifendienst","DE81700800000000025369","Vielen Dank für Ihren Auftrag","EUR","debit","2025-09-21 23:00:00+00","2025-09-21 23:00:00+00"
"4739285508","7623","Nabholz Reifendienst","DE02700800000056567800","Vielen Dank für Ihren Auftrag","EUR","debit","2025-06-17 23:00:00+00","2025-06-17 23:00:00+00"
"4739285407","7623","Nabholz Reifendienst","DE81700800000000025369","Vielen Dank für Ihren Auftrag","EUR","debit","2025-03-13 23:00:00+00","2025-03-13 23:00:00+00"
"4739285479","25100","Winzergenossenschaft Nordheim","DE78700800000144443000","Vielen Dank","EUR","debit","2025-05-20 23:00:00+00","2025-05-20 23:00:00+00"
"4739285328","5365","JET Tankstelle, Hohenlohe","DE79700800000001055545","Vielen Dank","EUR","debit","2025-01-03 23:00:00+00","2025-01-03 23:00:00+00"
"4739285330","8898","Aral Muenchen","DE24700800000116665500","Vielen Dank","EUR","debit","2025-01-05 23:00:00+00","2025-01-05 23:00:00+00"
"4739285331","10220","Lidl Leopoldstr.","DE77700800000000023113","Vielen Dank","EUR","debit","2025-01-06 23:00:00+00","2025-01-06 23:00:00+00"
"4739285333","6666","Hornbach AG","DE89700800000000057526","Vielen Dank","EUR","debit","2025-01-09 23:00:00+00","2025-01-09 23:00:00+00"
"4739285336","24500","Winzergenossenschaft Nordheim","DE91700800000161109500","Vielen Dank","EUR","debit","2025-01-12 23:00:00+00","2025-01-12 23:00:00+00"
"4739285338","26481","BMW Leasing","DE51700800000013546351","Vielen Dank","EUR","debit","2025-01-14 23:00:00+00","2025-01-14 23:00:00+00"
"4739285339","5836","Amazon Europe SA","DE78700800000144443000","Vielen Dank","EUR","debit","2025-01-15 23:00:00+00","2025-01-15 23:00:00+00"
"4739285345","12200","Restaurant Chang","DE05700800000069854321","Vielen Dank","EUR","debit","2025-01-21 23:00:00+00","2025-01-21 23:00:00+00"
"4739285362","12544","Gasthaus Chinesischer Turm","DE26700800000077777000","Vielen Dank","EUR","debit","2025-01-31 23:00:00+00","2025-01-31 23:00:00+00"
"4739285369","5010","JET Tankstelle, Hohenlohe","DE56700800000023235300","Vielen Dank","EUR","debit","2025-02-04 23:00:00+00","2025-02-04 23:00:00+00"
"4739285372","12311","Aral Muenchen","DE90700800000000000569","Vielen Dank","EUR","debit","2025-02-06 23:00:00+00","2025-02-06 23:00:00+00"
"4739285373","9013","Lidl Leopoldstr.","DE24700800000116665500","Vielen Dank","EUR","debit","2025-02-07 23:00:00+00","2025-02-07 23:00:00+00"
"4739285375","5863","Hornbach AG","DE74700800000035698700","Vielen Dank","EUR","debit","2025-02-10 23:00:00+00","2025-02-10 23:00:00+00"
"4739285378","24511","Winzergenossenschaft Nordheim","DE78700800000144443000","Vielen Dank","EUR","debit","2025-02-13 23:00:00+00","2025-02-13 23:00:00+00"
"4739285380","26481","BMW Leasing","DE37700800000133332000","Vielen Dank","EUR","debit","2025-02-15 23:00:00+00","2025-02-15 23:00:00+00"
"4739285381","5836","Amazon Europe SA","DE71700800000812369800","Vielen Dank","EUR","debit","2025-02-16 23:00:00+00","2025-02-16 23:00:00+00"
"4739285387","3623","Confetti Restaurant","DE05700800000069854321","Vielen Dank","EUR","debit","2025-02-22 23:00:00+00","2025-02-22 23:00:00+00"
"4739285399","22212","Gasthaus Chinesischer Turm","DE26700800000077777000","Vielen Dank","EUR","debit","2025-03-04 23:00:00+00","2025-03-04 23:00:00+00"
"4739285403","6688","JET Tankstelle, Hohenlohe","DE56700800000023235300","Vielen Dank","EUR","debit","2025-03-08 23:00:00+00","2025-03-08 23:00:00+00"
"4739285405","12300","Aral Muenchen","DE90700800000000000569","Vielen Dank","EUR","debit","2025-03-10 23:00:00+00","2025-03-10 23:00:00+00"
"4739285406","26001","Lidl Leopoldstr.","DE24700800000116665500","Vielen Dank","EUR","debit","2025-03-11 23:00:00+00","2025-03-11 23:00:00+00"
"4739285408","5863","Hornbach AG","DE74700800000035698700","Vielen Dank","EUR","debit","2025-03-14 23:00:00+00","2025-03-14 23:00:00+00"
"4739285411","27470","Winzergenossenschaft Nordheim","DE78700800000144443000","Vielen Dank","EUR","debit","2025-03-17 23:00:00+00","2025-03-17 23:00:00+00"
"4739285413","26481","BMW Leasing","DE37700800000133332000","Vielen Dank","EUR","debit","2025-03-19 23:00:00+00","2025-03-19 23:00:00+00"
"4739285414","5836","Amazon Europe SA","DE12700800000654654100","Vielen Dank","EUR","debit","2025-03-20 23:00:00+00","2025-03-20 23:00:00+00"
"4739285422","2536","Confetti Restaurant","DE05700800000069854321","Vielen Dank","EUR","debit","2025-03-26 23:00:00+00","2025-03-26 23:00:00+00"
"4739285433","26451","Gasthaus Chinesischer Turm","DE26700800000077777000","Vielen Dank","EUR","debit","2025-04-05 23:00:00+00","2025-04-05 23:00:00+00"
"4739285437","7695","JET Tankstelle, Hohenlohe","DE56700800000023235300","Vielen Dank","EUR","debit","2025-04-09 23:00:00+00","2025-04-09 23:00:00+00"
"4739285439","11342","Aral Muenchen","DE90700800000000000569","Vielen Dank","EUR","debit","2025-04-11 23:00:00+00","2025-04-11 23:00:00+00"
"4739285440","26001","Lidl Leopoldstr.","DE24700800000116665500","Vielen Dank","EUR","debit","2025-04-12 23:00:00+00","2025-04-12 23:00:00+00"
"4739285442","5863","Hornbach AG","DE74700800000035698700","Vielen Dank","EUR","debit","2025-04-15 23:00:00+00","2025-04-15 23:00:00+00"
"4739285445","27470","Winzergenossenschaft Nordheim","DE78700800000144443000","Vielen Dank","EUR","debit","2025-04-18 23:00:00+00","2025-04-18 23:00:00+00"
"4739285447","26481","BMW Leasing","DE37700800000133332000","Vielen Dank","EUR","debit","2025-04-20 23:00:00+00","2025-04-20 23:00:00+00"
"4739285449","5836","Amazon Europe SA","DE39700800000000025446","Vielen Dank","EUR","debit","2025-04-21 23:00:00+00","2025-04-21 23:00:00+00"
"4739285456","3623","Confetti Restaurant","DE05700800000069854321","Vielen Dank","EUR","debit","2025-04-27 23:00:00+00","2025-04-27 23:00:00+00"
"4739285467","26451","Gasthaus Chinesischer Turm","DE26700800000077777000","Vielen Dank","EUR","debit","2025-05-07 23:00:00+00","2025-05-07 23:00:00+00"
"4739285471","5599","JET Tankstelle, Hohenlohe","DE56700800000023235300","Vielen Dank","EUR","debit","2025-05-11 23:00:00+00","2025-05-11 23:00:00+00"
"4739285473","11145","Aral Muenchen","DE90700800000000000569","Vielen Dank","EUR","debit","2025-05-13 23:00:00+00","2025-05-13 23:00:00+00"
"4739285474","24584","Lidl Leopoldstr.","DE24700800000116665500","Vielen Dank","EUR","debit","2025-05-14 23:00:00+00","2025-05-14 23:00:00+00"
"4739285476","7878","Hornbach AG","DE74700800000035698700","Vielen Dank","EUR","debit","2025-05-17 23:00:00+00","2025-05-17 23:00:00+00"
"4739285323","19000","Gasthaus Alter Wirt","DE94700800000000003213","Vielen Dank","EUR","debit","2024-12-30 23:00:00+00","2024-12-30 23:00:00+00"
"4739285482","26481","BMW Leasing","DE37700800000133332000","Vielen Dank","EUR","debit","2025-05-22 23:00:00+00","2025-05-22 23:00:00+00"
"4739285483","5836","Amazon Europe SA","DE51700800000013546351","Vielen Dank","EUR","debit","2025-05-23 23:00:00+00","2025-05-23 23:00:00+00"
"4739285489","3623","Confetti Restaurant","DE90700800000000000569","Vielen Dank","EUR","debit","2025-05-29 23:00:00+00","2025-05-29 23:00:00+00"
"4739285490","25971","Bar Centrale","DE05700800000069854321","Vielen Dank","EUR","debit","2025-05-30 23:00:00+00","2025-05-30 23:00:00+00"
"4739285500","26451","Gasthaus Chinesischer Turm","DE45700800000000039985","Vielen Dank","EUR","debit","2025-06-08 23:00:00+00","2025-06-08 23:00:00+00"
"4739285504","7695","Friseur Haarmonie","DE50700800000000036985","Vielen Dank","EUR","debit","2025-06-12 23:00:00+00","2025-06-12 23:00:00+00"
"4739285506","11342","Agip Muenchen","DE79700800000001055545","Vielen Dank","EUR","debit","2025-06-14 23:00:00+00","2025-06-14 23:00:00+00"
"4739285507","26001","Lidl Leopoldstr.","DE90700800000000000569","Vielen Dank","EUR","debit","2025-06-15 23:00:00+00","2025-06-15 23:00:00+00"
"4739285509","5863","Hornbach AG","DE81700800000000025369","Vielen Dank","EUR","debit","2025-06-18 23:00:00+00","2025-06-18 23:00:00+00"
"4739285513","27470","Winzergenossenschaft Nordheim","DE69700800000123456921","Vielen Dank","EUR","debit","2025-06-21 23:00:00+00","2025-06-21 23:00:00+00"
"4739285515","26481","BMW Leasing","DE91700800000161109500","Vielen Dank","EUR","debit","2025-06-23 23:00:00+00","2025-06-23 23:00:00+00"
"4739285516","5836","Amazon Europe SA","DE37700800000133332000","Vielen Dank","EUR","debit","2025-06-24 23:00:00+00","2025-06-24 23:00:00+00"
"4739285522","3623","Restaurant Chang","DE90700800000000000569","Vielen Dank","EUR","debit","2025-06-30 23:00:00+00","2025-06-30 23:00:00+00"
"4739285533","18000","Gasthaus Alter Wirt","DE45700800000000039985","Vielen Dank","EUR","debit","2025-07-10 23:00:00+00","2025-07-10 23:00:00+00"
"4739285537","6694","SB-Tank Hohenlohe","DE33700800000012365894","Vielen Dank","EUR","debit","2025-07-14 23:00:00+00","2025-07-14 23:00:00+00"
"4739285539","11342","Aral Muenchen","DE79700800000001055545","Vielen Dank","EUR","debit","2025-07-16 23:00:00+00","2025-07-16 23:00:00+00"
"4739285540","26001","Lidl Leopoldstr.","DE90700800000000000569","Vielen Dank","EUR","debit","2025-07-17 23:00:00+00","2025-07-17 23:00:00+00"
"4739285542","5863","Hornbach AG","DE81700800000000025369","Vielen Dank","EUR","debit","2025-07-20 23:00:00+00","2025-07-20 23:00:00+00"
"4739285546","2245","Winzergenossenschaft Nordheim","DE42700800000056456500","Vielen Dank","EUR","debit","2025-07-23 23:00:00+00","2025-07-23 23:00:00+00"
"4739285549","26481","BMW Leasing","DE91700800000161109500","Vielen Dank","EUR","debit","2025-07-25 23:00:00+00","2025-07-25 23:00:00+00"
"4739285550","5836","Amazon Europe SA","DE37700800000133332000","Vielen Dank","EUR","debit","2025-07-26 23:00:00+00","2025-07-26 23:00:00+00"
"4739285556","3623","Restaurant La Villa","DE90700800000000000569","Vielen Dank","EUR","debit","2025-08-01 23:00:00+00","2025-08-01 23:00:00+00"
"4739285566","19000","Gasthaus Chinesischer Turm","DE45700800000000039985","Vielen Dank","EUR","debit","2025-08-11 23:00:00+00","2025-08-11 23:00:00+00"
"4739285570","7695","JET Tankstelle, Hohenlohe","DE77700800000000035432","Vielen Dank","EUR","debit","2025-08-15 23:00:00+00","2025-08-15 23:00:00+00"
"4739285572","11155","Aral Muenchen","DE79700800000001055545","Vielen Dank","EUR","debit","2025-08-17 23:00:00+00","2025-08-17 23:00:00+00"
"4739285573","26001","Edeka Simmel","DE90700800000000000569","Vielen Dank","EUR","debit","2025-08-18 23:00:00+00","2025-08-18 23:00:00+00"
"4739285576","5863","Hornbach AG","DE81700800000000025369","Vielen Dank","EUR","debit","2025-08-21 23:00:00+00","2025-08-21 23:00:00+00"
"4739285581","27470","Winzergenossenschaft Nordheim","DE78700800000144443000","Vielen Dank","EUR","debit","2025-08-24 23:00:00+00","2025-08-24 23:00:00+00"
"4739285584","26481","BMW Leasing","DE37700800000133332000","Vielen Dank","EUR","debit","2025-08-26 23:00:00+00","2025-08-26 23:00:00+00"
"4739285585","5836","Amazon Europe SA","DE39700800000000025446","Vielen Dank","EUR","debit","2025-08-27 23:00:00+00","2025-08-27 23:00:00+00"
"4739285591","4445","Confetti Restaurant","DE05700800000069854321","Vielen Dank","EUR","debit","2025-09-02 23:00:00+00","2025-09-02 23:00:00+00"
"4739285601","20000","Gasthaus Chinesischer Turm","DE26700800000077777000","Vielen Dank","EUR","debit","2025-09-12 23:00:00+00","2025-09-12 23:00:00+00"
"4739285605","4545","JET Tankstelle, Hohenlohe","DE56700800000023235300","Vielen Dank","EUR","debit","2025-09-16 23:00:00+00","2025-09-16 23:00:00+00"
"4739285607","11342","SB-Tank Hohenlohe","DE90700800000000000569","Vielen Dank","EUR","debit","2025-09-18 23:00:00+00","2025-09-18 23:00:00+00"
"4739285608","10085","Lidl Leopoldstr.","DE24700800000116665500","Vielen Dank","EUR","debit","2025-09-19 23:00:00+00","2025-09-19 23:00:00+00"
"4739285611","5863","Hornbach AG","DE74700800000035698700","Vielen Dank","EUR","debit","2025-09-22 23:00:00+00","2025-09-22 23:00:00+00"
"4739285615","27470","Winzergenossenschaft Nordheim","DE78700800000144443000","Vielen Dank","EUR","debit","2025-09-25 23:00:00+00","2025-09-25 23:00:00+00"
"4739285617","26481","BMW Leasing","DE37700800000133332000","Vielen Dank","EUR","debit","2025-09-27 23:00:00+00","2025-09-27 23:00:00+00"
"4739285618","5836","Amazon Europe SA","DE51700800000013546351","Vielen Dank","EUR","debit","2025-09-28 23:00:00+00","2025-09-28 23:00:00+00"
"4739285624","3623","Restaurant Alter Wirt","DE90700800000000000569","Vielen Dank","EUR","debit","2025-10-04 23:00:00+00","2025-10-04 23:00:00+00"
"4739286106","19000","Gasthaus Alter Wirt","DE94700800000000003213","Vielen Dank","EUR","debit","2024-12-30 23:00:00+00","2024-12-30 23:00:00+00"
"4739286111","5365","JET Tankstelle, Hohenlohe","DE79700800000001055545","Vielen Dank","EUR","debit","2025-01-03 23:00:00+00","2025-01-03 23:00:00+00"
"4739286113","8898","Aral Muenchen","DE24700800000116665500","Vielen Dank","EUR","debit","2025-01-05 23:00:00+00","2025-01-05 23:00:00+00"
"4739286114","10220","Lidl Leopoldstr.","DE77700800000000023113","Vielen Dank","EUR","debit","2025-01-06 23:00:00+00","2025-01-06 23:00:00+00"
"4739286116","6666","Hornbach AG","DE89700800000000057526","Vielen Dank","EUR","debit","2025-01-09 23:00:00+00","2025-01-09 23:00:00+00"
"4739286119","24500","Winzergenossenschaft Nordheim","DE91700800000161109500","Vielen Dank","EUR","debit","2025-01-12 23:00:00+00","2025-01-12 23:00:00+00"
"4739286121","26481","BMW Leasing","DE51700800000013546351","Vielen Dank","EUR","debit","2025-01-14 23:00:00+00","2025-01-14 23:00:00+00"
"4739286122","5836","Amazon Europe SA","DE78700800000144443000","Vielen Dank","EUR","debit","2025-01-15 23:00:00+00","2025-01-15 23:00:00+00"
"4739286128","12200","Restaurant Chang","DE05700800000069854321","Vielen Dank","EUR","debit","2025-01-21 23:00:00+00","2025-01-21 23:00:00+00"
"4739286140","12544","Gasthaus Chinesischer Turm","DE26700800000077777000","Vielen Dank","EUR","debit","2025-01-31 23:00:00+00","2025-01-31 23:00:00+00"
"4739286145","5010","JET Tankstelle, Hohenlohe","DE56700800000023235300","Vielen Dank","EUR","debit","2025-02-04 23:00:00+00","2025-02-04 23:00:00+00"
"4739286147","12311","Aral Muenchen","DE90700800000000000569","Vielen Dank","EUR","debit","2025-02-06 23:00:00+00","2025-02-06 23:00:00+00"
"4739286148","9013","Lidl Leopoldstr.","DE24700800000116665500","Vielen Dank","EUR","debit","2025-02-07 23:00:00+00","2025-02-07 23:00:00+00"
"4739286150","5863","Hornbach AG","DE74700800000035698700","Vielen Dank","EUR","debit","2025-02-10 23:00:00+00","2025-02-10 23:00:00+00"
"4739286153","24511","Winzergenossenschaft Nordheim","DE78700800000144443000","Vielen Dank","EUR","debit","2025-02-13 23:00:00+00","2025-02-13 23:00:00+00"
"4739286155","26481","BMW Leasing","DE37700800000133332000","Vielen Dank","EUR","debit","2025-02-15 23:00:00+00","2025-02-15 23:00:00+00"
"4739286156","5836","Amazon Europe SA","DE71700800000812369800","Vielen Dank","EUR","debit","2025-02-16 23:00:00+00","2025-02-16 23:00:00+00"
"4739286162","3623","Confetti Restaurant","DE05700800000069854321","Vielen Dank","EUR","debit","2025-02-22 23:00:00+00","2025-02-22 23:00:00+00"
"4739286174","22212","Gasthaus Chinesischer Turm","DE26700800000077777000","Vielen Dank","EUR","debit","2025-03-04 23:00:00+00","2025-03-04 23:00:00+00"
"4739286178","6688","JET Tankstelle, Hohenlohe","DE56700800000023235300","Vielen Dank","EUR","debit","2025-03-08 23:00:00+00","2025-03-08 23:00:00+00"
"4739286180","12300","Aral Muenchen","DE90700800000000000569","Vielen Dank","EUR","debit","2025-03-10 23:00:00+00","2025-03-10 23:00:00+00"
"4739286181","26001","Lidl Leopoldstr.","DE24700800000116665500","Vielen Dank","EUR","debit","2025-03-11 23:00:00+00","2025-03-11 23:00:00+00"
"4739286183","5863","Hornbach AG","DE74700800000035698700","Vielen Dank","EUR","debit","2025-03-14 23:00:00+00","2025-03-14 23:00:00+00"
"4739286186","27470","Winzergenossenschaft Nordheim","DE78700800000144443000","Vielen Dank","EUR","debit","2025-03-17 23:00:00+00","2025-03-17 23:00:00+00"
"4739286188","26481","BMW Leasing","DE37700800000133332000","Vielen Dank","EUR","debit","2025-03-19 23:00:00+00","2025-03-19 23:00:00+00"
"4739286189","5836","Amazon Europe SA","DE12700800000654654100","Vielen Dank","EUR","debit","2025-03-20 23:00:00+00","2025-03-20 23:00:00+00"
"4739286197","2536","Confetti Restaurant","DE05700800000069854321","Vielen Dank","EUR","debit","2025-03-26 23:00:00+00","2025-03-26 23:00:00+00"
"4739286208","26451","Gasthaus Chinesischer Turm","DE26700800000077777000","Vielen Dank","EUR","debit","2025-04-05 23:00:00+00","2025-04-05 23:00:00+00"
"4739286212","7695","JET Tankstelle, Hohenlohe","DE56700800000023235300","Vielen Dank","EUR","debit","2025-04-09 23:00:00+00","2025-04-09 23:00:00+00"
"4739286214","11342","Aral Muenchen","DE90700800000000000569","Vielen Dank","EUR","debit","2025-04-11 23:00:00+00","2025-04-11 23:00:00+00"
"4739286215","26001","Lidl Leopoldstr.","DE24700800000116665500","Vielen Dank","EUR","debit","2025-04-12 23:00:00+00","2025-04-12 23:00:00+00"
"4739286217","5863","Hornbach AG","DE74700800000035698700","Vielen Dank","EUR","debit","2025-04-15 23:00:00+00","2025-04-15 23:00:00+00"
"4739286220","27470","Winzergenossenschaft Nordheim","DE78700800000144443000","Vielen Dank","EUR","debit","2025-04-18 23:00:00+00","2025-04-18 23:00:00+00"
"4739286222","26481","BMW Leasing","DE37700800000133332000","Vielen Dank","EUR","debit","2025-04-20 23:00:00+00","2025-04-20 23:00:00+00"
"4739286224","5836","Amazon Europe SA","DE39700800000000025446","Vielen Dank","EUR","debit","2025-04-21 23:00:00+00","2025-04-21 23:00:00+00"
"4739286231","3623","Confetti Restaurant","DE05700800000069854321","Vielen Dank","EUR","debit","2025-04-27 23:00:00+00","2025-04-27 23:00:00+00"
"4739286242","26451","Gasthaus Chinesischer Turm","DE26700800000077777000","Vielen Dank","EUR","debit","2025-05-07 23:00:00+00","2025-05-07 23:00:00+00"
"4739286246","5599","JET Tankstelle, Hohenlohe","DE56700800000023235300","Vielen Dank","EUR","debit","2025-05-11 23:00:00+00","2025-05-11 23:00:00+00"
"4739286248","11145","Aral Muenchen","DE90700800000000000569","Vielen Dank","EUR","debit","2025-05-13 23:00:00+00","2025-05-13 23:00:00+00"
"4739286249","24584","Lidl Leopoldstr.","DE24700800000116665500","Vielen Dank","EUR","debit","2025-05-14 23:00:00+00","2025-05-14 23:00:00+00"
"4739286251","7878","Hornbach AG","DE74700800000035698700","Vielen Dank","EUR","debit","2025-05-17 23:00:00+00","2025-05-17 23:00:00+00"
"4739286254","25100","Winzergenossenschaft Nordheim","DE78700800000144443000","Vielen Dank","EUR","debit","2025-05-20 23:00:00+00","2025-05-20 23:00:00+00"
"4739286257","26481","BMW Leasing","DE37700800000133332000","Vielen Dank","EUR","debit","2025-05-22 23:00:00+00","2025-05-22 23:00:00+00"
"4739286258","5836","Amazon Europe SA","DE51700800000013546351","Vielen Dank","EUR","debit","2025-05-23 23:00:00+00","2025-05-23 23:00:00+00"
"4739286264","3623","Confetti Restaurant","DE90700800000000000569","Vielen Dank","EUR","debit","2025-05-29 23:00:00+00","2025-05-29 23:00:00+00"
"4739286265","25971","Bar Centrale","DE05700800000069854321","Vielen Dank","EUR","debit","2025-05-30 23:00:00+00","2025-05-30 23:00:00+00"
"4739286275","26451","Gasthaus Chinesischer Turm","DE45700800000000039985","Vielen Dank","EUR","debit","2025-06-08 23:00:00+00","2025-06-08 23:00:00+00"
"4739286279","7695","Friseur Haarmonie","DE50700800000000036985","Vielen Dank","EUR","debit","2025-06-12 23:00:00+00","2025-06-12 23:00:00+00"
"4739286281","11342","Agip Muenchen","DE79700800000001055545","Vielen Dank","EUR","debit","2025-06-14 23:00:00+00","2025-06-14 23:00:00+00"
"4739286282","26001","Lidl Leopoldstr.","DE90700800000000000569","Vielen Dank","EUR","debit","2025-06-15 23:00:00+00","2025-06-15 23:00:00+00"
"4739286284","5863","Hornbach AG","DE81700800000000025369","Vielen Dank","EUR","debit","2025-06-18 23:00:00+00","2025-06-18 23:00:00+00"
"4739286288","27470","Winzergenossenschaft Nordheim","DE69700800000123456921","Vielen Dank","EUR","debit","2025-06-21 23:00:00+00","2025-06-21 23:00:00+00"
"4739286291","26481","BMW Leasing","DE91700800000161109500","Vielen Dank","EUR","debit","2025-06-23 23:00:00+00","2025-06-23 23:00:00+00"
"4739286292","5836","Amazon Europe SA","DE37700800000133332000","Vielen Dank","EUR","debit","2025-06-24 23:00:00+00","2025-06-24 23:00:00+00"
"4739286298","3623","Restaurant Chang","DE90700800000000000569","Vielen Dank","EUR","debit","2025-06-30 23:00:00+00","2025-06-30 23:00:00+00"
"4739286309","18000","Gasthaus Alter Wirt","DE45700800000000039985","Vielen Dank","EUR","debit","2025-07-10 23:00:00+00","2025-07-10 23:00:00+00"
"4739286313","6694","SB-Tank Hohenlohe","DE33700800000012365894","Vielen Dank","EUR","debit","2025-07-14 23:00:00+00","2025-07-14 23:00:00+00"
"4739286315","11342","Aral Muenchen","DE79700800000001055545","Vielen Dank","EUR","debit","2025-07-16 23:00:00+00","2025-07-16 23:00:00+00"
"4739286316","26001","Lidl Leopoldstr.","DE90700800000000000569","Vielen Dank","EUR","debit","2025-07-17 23:00:00+00","2025-07-17 23:00:00+00"
"4739286318","5863","Hornbach AG","DE81700800000000025369","Vielen Dank","EUR","debit","2025-07-20 23:00:00+00","2025-07-20 23:00:00+00"
"4739286322","2245","Winzergenossenschaft Nordheim","DE42700800000056456500","Vielen Dank","EUR","debit","2025-07-23 23:00:00+00","2025-07-23 23:00:00+00"
"4739286325","26481","BMW Leasing","DE91700800000161109500","Vielen Dank","EUR","debit","2025-07-25 23:00:00+00","2025-07-25 23:00:00+00"
"4739286326","5836","Amazon Europe SA","DE37700800000133332000","Vielen Dank","EUR","debit","2025-07-26 23:00:00+00","2025-07-26 23:00:00+00"
"4739286332","3623","Restaurant La Villa","DE90700800000000000569","Vielen Dank","EUR","debit","2025-08-01 23:00:00+00","2025-08-01 23:00:00+00"
"4739286342","19000","Gasthaus Chinesischer Turm","DE45700800000000039985","Vielen Dank","EUR","debit","2025-08-11 23:00:00+00","2025-08-11 23:00:00+00"
"4739286346","7695","JET Tankstelle, Hohenlohe","DE77700800000000035432","Vielen Dank","EUR","debit","2025-08-15 23:00:00+00","2025-08-15 23:00:00+00"
"4739286348","11155","Aral Muenchen","DE79700800000001055545","Vielen Dank","EUR","debit","2025-08-17 23:00:00+00","2025-08-17 23:00:00+00"
"4739286349","26001","Edeka Simmel","DE90700800000000000569","Vielen Dank","EUR","debit","2025-08-18 23:00:00+00","2025-08-18 23:00:00+00"
"4739286352","5863","Hornbach AG","DE81700800000000025369","Vielen Dank","EUR","debit","2025-08-21 23:00:00+00","2025-08-21 23:00:00+00"
"4739286357","27470","Winzergenossenschaft Nordheim","DE78700800000144443000","Vielen Dank","EUR","debit","2025-08-24 23:00:00+00","2025-08-24 23:00:00+00"
"4739286360","26481","BMW Leasing","DE37700800000133332000","Vielen Dank","EUR","debit","2025-08-26 23:00:00+00","2025-08-26 23:00:00+00"
"4739286361","5836","Amazon Europe SA","DE39700800000000025446","Vielen Dank","EUR","debit","2025-08-27 23:00:00+00","2025-08-27 23:00:00+00"
"4739286367","4445","Confetti Restaurant","DE05700800000069854321","Vielen Dank","EUR","debit","2025-09-02 23:00:00+00","2025-09-02 23:00:00+00"
"4739286377","20000","Gasthaus Chinesischer Turm","DE26700800000077777000","Vielen Dank","EUR","debit","2025-09-12 23:00:00+00","2025-09-12 23:00:00+00"
"4739286381","4545","JET Tankstelle, Hohenlohe","DE56700800000023235300","Vielen Dank","EUR","debit","2025-09-16 23:00:00+00","2025-09-16 23:00:00+00"
"4739286383","11342","SB-Tank Hohenlohe","DE90700800000000000569","Vielen Dank","EUR","debit","2025-09-18 23:00:00+00","2025-09-18 23:00:00+00"
"4739286384","10085","Lidl Leopoldstr.","DE24700800000116665500","Vielen Dank","EUR","debit","2025-09-19 23:00:00+00","2025-09-19 23:00:00+00"
"4739286387","5863","Hornbach AG","DE74700800000035698700","Vielen Dank","EUR","debit","2025-09-22 23:00:00+00","2025-09-22 23:00:00+00"
"4739286391","27470","Winzergenossenschaft Nordheim","DE78700800000144443000","Vielen Dank","EUR","debit","2025-09-25 23:00:00+00","2025-09-25 23:00:00+00"
"4739286393","26481","BMW Leasing","DE37700800000133332000","Vielen Dank","EUR","debit","2025-09-27 23:00:00+00","2025-09-27 23:00:00+00"
"4739286394","5836","Amazon Europe SA","DE51700800000013546351","Vielen Dank","EUR","debit","2025-09-28 23:00:00+00","2025-09-28 23:00:00+00"
"4739286400","3623","Restaurant Alter Wirt","DE90700800000000000569","Vielen Dank","EUR","debit","2025-10-04 23:00:00+00","2025-10-04 23:00:00+00"
"4739285626","70000","DAB bank AG","DE34700800000004578522","Umbuchung","EUR","credit","2025-10-06 23:00:00+00","2025-10-06 23:00:00+00"
"4739285458","70000","DAB bank AG","DE34700800000000032132","Umbuchung","EUR","credit","2025-04-29 23:00:00+00","2025-04-29 23:00:00+00"
"4739285558","70000","DAB bank AG","DE34700800000004578522","Umbuchung","EUR","credit","2025-08-03 23:00:00+00","2025-08-03 23:00:00+00"
"4739285491","70000","DAB bank AG","DE34700800000004578522","Umbuchung","EUR","credit","2025-05-31 23:00:00+00","2025-05-31 23:00:00+00"
"4739286334","70000","DAB bank AG","DE34700800000004578522","Umbuchung","EUR","credit","2025-08-03 23:00:00+00","2025-08-03 23:00:00+00"
"4739286130","70000","DAB bank AG","DE36700800000124563800","Umbuchung","EUR","credit","2025-01-23 23:00:00+00","2025-01-23 23:00:00+00"
"4739285525","70000","DAB bank AG","DE34700800000004578522","Umbuchung","EUR","credit","2025-07-02 23:00:00+00","2025-07-02 23:00:00+00"
"4739285593","70000","DAB bank AG","DE34700800000000032132","Umbuchung","EUR","credit","2025-09-04 23:00:00+00","2025-09-04 23:00:00+00"
"4739286369","70000","DAB bank AG","DE34700800000000032132","Umbuchung","EUR","credit","2025-09-04 23:00:00+00","2025-09-04 23:00:00+00"
"4739286233","70000","DAB bank AG","DE34700800000000032132","Umbuchung","EUR","credit","2025-04-29 23:00:00+00","2025-04-29 23:00:00+00"
"4739286266","70000","DAB bank AG","DE34700800000004578522","Umbuchung","EUR","credit","2025-05-31 23:00:00+00","2025-05-31 23:00:00+00"
"4739285424","70000","DAB bank AG","DE31700800000000065651","Umbuchung","EUR","credit","2025-03-28 23:00:00+00","2025-03-28 23:00:00+00"
"4739285347","70000","DAB bank AG","DE36700800000124563800","Umbuchung","EUR","credit","2025-01-23 23:00:00+00","2025-01-23 23:00:00+00"
"4739286164","70000","DAB bank AG","DE11700800000012698321","Umbuchung","EUR","credit","2025-02-24 23:00:00+00","2025-02-24 23:00:00+00"
"4739286402","70000","DAB bank AG","DE34700800000004578522","Umbuchung","EUR","credit","2025-10-06 23:00:00+00","2025-10-06 23:00:00+00"
"4739286301","70000","DAB bank AG","DE34700800000004578522","Umbuchung","EUR","credit","2025-07-02 23:00:00+00","2025-07-02 23:00:00+00"
"4739286199","70000","DAB bank AG","DE31700800000000065651","Umbuchung","EUR","credit","2025-03-28 23:00:00+00","2025-03-28 23:00:00+00"
"4739285389","70000","DAB bank AG","DE11700800000012698321","Umbuchung","EUR","credit","2025-02-24 23:00:00+00","2025-02-24 23:00:00+00"
"4739285436","35000","Hotel am Wasserturm Köln","DE77700800000000035432","Übernachtung","EUR","debit","2025-04-08 23:00:00+00","2025-04-08 23:00:00+00"
"4739285604","35000","Hotel am Wasserturm Köln","DE41700800000036213200","Übernachtung","EUR","debit","2025-09-15 23:00:00+00","2025-09-15 23:00:00+00"
"4739285402","30000","Hotel Alster","DE33700800000012365894","Übernachtung","EUR","debit","2025-03-07 23:00:00+00","2025-03-07 23:00:00+00"
"4739286312","35000","Hotel am Messegelände","DE93700800000122221000","Übernachtung","EUR","debit","2025-07-13 23:00:00+00","2025-07-13 23:00:00+00"
"4739285368","35000","Hotel am Wasserturm Köln","DE50700800000000036985","Übernachtung","EUR","debit","2025-02-03 23:00:00+00","2025-02-03 23:00:00+00"
"4739285536","35000","Hotel am Messegelände","DE93700800000122221000","Übernachtung","EUR","debit","2025-07-13 23:00:00+00","2025-07-13 23:00:00+00"
"4739286177","30000","Hotel Alster","DE33700800000012365894","Übernachtung","EUR","debit","2025-03-07 23:00:00+00","2025-03-07 23:00:00+00"
"4739286245","30000","Hotel am Wasserturm Köln","DE41700800000036213200","Übernachtung","EUR","debit","2025-05-10 23:00:00+00","2025-05-10 23:00:00+00"
"4739286144","35000","Hotel am Wasserturm Köln","DE50700800000000036985","Übernachtung","EUR","debit","2025-02-03 23:00:00+00","2025-02-03 23:00:00+00"
"4739286278","35000","Hotel am Wasserturm Köln","DE93700800000122221000","Übernachtung","EUR","debit","2025-06-11 23:00:00+00","2025-06-11 23:00:00+00"
"4739286380","35000","Hotel am Wasserturm Köln","DE41700800000036213200","Übernachtung","EUR","debit","2025-09-15 23:00:00+00","2025-09-15 23:00:00+00"
"4739286345","35000","Hotel Ibis","DE93700800000122221000","Übernachtung","EUR","debit","2025-08-14 23:00:00+00","2025-08-14 23:00:00+00"
"4739285503","35000","Hotel am Wasserturm Köln","DE93700800000122221000","Übernachtung","EUR","debit","2025-06-11 23:00:00+00","2025-06-11 23:00:00+00"
"4739285569","35000","Hotel Ibis","DE93700800000122221000","Übernachtung","EUR","debit","2025-08-14 23:00:00+00","2025-08-14 23:00:00+00"
"4739285327","35000","Ibis Hotel Köln","DE56700800000023235300","Übernachtung","EUR","debit","2025-01-02 23:00:00+00","2025-01-02 23:00:00+00"
"4739285470","30000","Hotel am Wasserturm Köln","DE41700800000036213200","Übernachtung","EUR","debit","2025-05-10 23:00:00+00","2025-05-10 23:00:00+00"
"4739286110","35000","Ibis Hotel Köln","DE56700800000023235300","Übernachtung","EUR","debit","2025-01-02 23:00:00+00","2025-01-02 23:00:00+00"
"4739286211","35000","Hotel am Wasserturm Köln","DE77700800000000035432","Übernachtung","EUR","debit","2025-04-08 23:00:00+00","2025-04-08 23:00:00+00"
"4739285351","20000","Max Mustermann","DE64700800000000047112","Sparen 67894","EUR","debit","2025-01-24 23:00:00+00","2025-01-24 23:00:00+00"
"4739286133","20000","Max Mustermann","DE64700800000000047112","Sparen 67894","EUR","debit","2025-01-24 23:00:00+00","2025-01-24 23:00:00+00"
"4739285350","20000","Max Mustermann","DE64700800000000047112","Sparen 12345","EUR","debit","2025-01-24 23:00:00+00","2025-01-24 23:00:00+00"
"4739286132","20000","Max Mustermann","DE64700800000000047112","Sparen 12345","EUR","debit","2025-01-24 23:00:00+00","2025-01-24 23:00:00+00"
"4739286165","20000","Max Mustermann","DE64700800000000047112","Sparen","EUR","debit","2025-02-24 23:00:00+00","2025-02-24 23:00:00+00"
"4739285485","20000","Max Mustermann","DE64700800000000047112","Sparen","EUR","debit","2025-05-24 23:00:00+00","2025-05-24 23:00:00+00"
"4739286194","20000","Max Mustermann","DE64700800000000047112","Sparen","EUR","debit","2025-03-24 23:00:00+00","2025-03-24 23:00:00+00"
"4739285517","20000","Max Mustermann","DE64700800000000047112","Sparen","EUR","debit","2025-06-24 23:00:00+00","2025-06-24 23:00:00+00"
"4739285548","20000","Max Mustermann","DE64700800000000047112","Sparen","EUR","debit","2025-07-24 23:00:00+00","2025-07-24 23:00:00+00"
"4739285582","20000","Max Mustermann","DE64700800000000047112","Sparen","EUR","debit","2025-08-24 23:00:00+00","2025-08-24 23:00:00+00"
"4739286260","20000","Max Mustermann","DE64700800000000047112","Sparen","EUR","debit","2025-05-24 23:00:00+00","2025-05-24 23:00:00+00"
"4739286293","20000","Max Mustermann","DE64700800000000047112","Sparen","EUR","debit","2025-06-24 23:00:00+00","2025-06-24 23:00:00+00"
"4739286358","20000","Max Mustermann","DE64700800000000047112","Sparen","EUR","debit","2025-08-24 23:00:00+00","2025-08-24 23:00:00+00"
"4739286195","20000","Max Mustermann","DE64700800000000047112","Sparen","EUR","debit","2025-03-24 23:00:00+00","2025-03-24 23:00:00+00"
"4739286324","20000","Max Mustermann","DE64700800000000047112","Sparen","EUR","debit","2025-07-24 23:00:00+00","2025-07-24 23:00:00+00"
"4739285453","20000","Max Mustermann","DE64700800000000047112","Sparen","EUR","debit","2025-04-24 23:00:00+00","2025-04-24 23:00:00+00"
"4739285614","20000","Max Mustermann","DE64700800000000047112","Sparen","EUR","debit","2025-09-24 23:00:00+00","2025-09-24 23:00:00+00"
"4739286390","20000","Max Mustermann","DE64700800000000047112","Sparen","EUR","debit","2025-09-24 23:00:00+00","2025-09-24 23:00:00+00"
"4739285390","20000","Max Mustermann","DE64700800000000047112","Sparen","EUR","debit","2025-02-24 23:00:00+00","2025-02-24 23:00:00+00"
"4739285419","20000","Max Mustermann","DE64700800000000047112","Sparen","EUR","debit","2025-03-24 23:00:00+00","2025-03-24 23:00:00+00"
"4739286228","20000","Max Mustermann","DE64700800000000047112","Sparen","EUR","debit","2025-04-24 23:00:00+00","2025-04-24 23:00:00+00"
"4739285420","20000","Max Mustermann","DE64700800000000047112","Sparen","EUR","debit","2025-03-24 23:00:00+00","2025-03-24 23:00:00+00"
"4739285423","19000","Bar Centrale","DE34700800000004578522","Restaurantbesuch","EUR","debit","2025-03-27 23:00:00+00","2025-03-27 23:00:00+00"
"4739286232","25971","Bar Centrale","DE34700800000004578522","Restaurantbesuch","EUR","debit","2025-04-28 23:00:00+00","2025-04-28 23:00:00+00"
"4739286198","19000","Bar Centrale","DE34700800000004578522","Restaurantbesuch","EUR","debit","2025-03-27 23:00:00+00","2025-03-27 23:00:00+00"
"4739285592","18000","Bar Centrale","DE34700800000004578522","Restaurantbesuch","EUR","debit","2025-09-03 23:00:00+00","2025-09-03 23:00:00+00"
"4739286300","25971","Bar Centrale","DE05700800000069854321","Restaurantbesuch","EUR","debit","2025-07-01 23:00:00+00","2025-07-01 23:00:00+00"
"4739285388","10000","Bar Centrale","DE34700800000004578522","Restaurantbesuch","EUR","debit","2025-02-23 23:00:00+00","2025-02-23 23:00:00+00"
"4739286368","18000","Bar Centrale","DE34700800000004578522","Restaurantbesuch","EUR","debit","2025-09-03 23:00:00+00","2025-09-03 23:00:00+00"
"4739285346","25971","Bar Centrale","DE34700800000004578522","Restaurantbesuch","EUR","debit","2025-01-22 23:00:00+00","2025-01-22 23:00:00+00"
"4739285524","25971","Bar Centrale","DE05700800000069854321","Restaurantbesuch","EUR","debit","2025-07-01 23:00:00+00","2025-07-01 23:00:00+00"
"4739286401","19900","Bar Centrale","DE05700800000069854321","Restaurantbesuch","EUR","debit","2025-10-05 23:00:00+00","2025-10-05 23:00:00+00"
"4739286129","25971","Bar Centrale","DE34700800000004578522","Restaurantbesuch","EUR","debit","2025-01-22 23:00:00+00","2025-01-22 23:00:00+00"
"4739285557","25971","Bar Centrale","DE05700800000069854321","Restaurantbesuch","EUR","debit","2025-08-02 23:00:00+00","2025-08-02 23:00:00+00"
"4739286163","10000","Bar Centrale","DE34700800000004578522","Restaurantbesuch","EUR","debit","2025-02-23 23:00:00+00","2025-02-23 23:00:00+00"
"4739286333","25971","Bar Centrale","DE05700800000069854321","Restaurantbesuch","EUR","debit","2025-08-02 23:00:00+00","2025-08-02 23:00:00+00"
"4739285625","19900","Bar Centrale","DE05700800000069854321","Restaurantbesuch","EUR","debit","2025-10-05 23:00:00+00","2025-10-05 23:00:00+00"
"4739285457","25971","Bar Centrale","DE34700800000004578522","Restaurantbesuch","EUR","debit","2025-04-28 23:00:00+00","2025-04-28 23:00:00+00"
"4739286227","5596","TueV Bayern","DE13700800000061110500","RE. 745259","EUR","debit","2025-04-24 23:00:00+00","2025-04-24 23:00:00+00"
"4739285452","5596","TueV Bayern","DE13700800000061110500","RE. 745259","EUR","debit","2025-04-24 23:00:00+00","2025-04-24 23:00:00+00"
"4739285579","8981","TueV Bayern","DE13700800000061110500","RE. 745259","EUR","debit","2025-08-24 23:00:00+00","2025-08-24 23:00:00+00"
"4739286355","8981","TueV Bayern","DE13700800000061110500","RE. 745259","EUR","debit","2025-08-24 23:00:00+00","2025-08-24 23:00:00+00"
"4739286399","4850","Deutsche Bahn AG","DE63700800000556478900","Monatskarte","EUR","debit","2025-10-03 23:00:00+00","2025-10-03 23:00:00+00"
"4739286366","4850","Deutsche Bahn AG","DE90700800000000000569","Monatskarte","EUR","debit","2025-09-01 23:00:00+00","2025-09-01 23:00:00+00"
"4739285488","4850","Deutsche Bahn AG","DE63700800000556478900","Monatskarte","EUR","debit","2025-05-28 23:00:00+00","2025-05-28 23:00:00+00"
"4739285421","4850","Deutsche Bahn AG","DE90700800000000000569","Monatskarte","EUR","debit","2025-03-25 23:00:00+00","2025-03-25 23:00:00+00"
"4739285623","4850","Deutsche Bahn AG","DE63700800000556478900","Monatskarte","EUR","debit","2025-10-03 23:00:00+00","2025-10-03 23:00:00+00"
"4739286330","4850","Deutsche Bahn AG","DE63700800000556478900","Monatskarte","EUR","debit","2025-07-31 23:00:00+00","2025-07-31 23:00:00+00"
"4739286126","4850","Deutsche Bahn AG","DE90700800000000000569","Monatskarte","EUR","debit","2025-01-20 23:00:00+00","2025-01-20 23:00:00+00"
"4739285455","4850","Deutsche Bahn AG","DE90700800000000000569","Monatskarte","EUR","debit","2025-04-26 23:00:00+00","2025-04-26 23:00:00+00"
"4739286161","4850","Deutsche Bahn AG","DE90700800000000000569","Monatskarte","EUR","debit","2025-02-21 23:00:00+00","2025-02-21 23:00:00+00"
"4739285590","4850","Deutsche Bahn AG","DE90700800000000000569","Monatskarte","EUR","debit","2025-09-01 23:00:00+00","2025-09-01 23:00:00+00"
"4739285554","4850","Deutsche Bahn AG","DE63700800000556478900","Monatskarte","EUR","debit","2025-07-31 23:00:00+00","2025-07-31 23:00:00+00"
"4739285521","4850","Deutsche Bahn AG","DE63700800000556478900","Monatskarte","EUR","debit","2025-06-29 23:00:00+00","2025-06-29 23:00:00+00"
"4739286196","4850","Deutsche Bahn AG","DE90700800000000000569","Monatskarte","EUR","debit","2025-03-25 23:00:00+00","2025-03-25 23:00:00+00"
"4739285343","4850","Deutsche Bahn AG","DE90700800000000000569","Monatskarte","EUR","debit","2025-01-20 23:00:00+00","2025-01-20 23:00:00+00"
"4739285386","4850","Deutsche Bahn AG","DE90700800000000000569","Monatskarte","EUR","debit","2025-02-21 23:00:00+00","2025-02-21 23:00:00+00"
"4739286230","4850","Deutsche Bahn AG","DE90700800000000000569","Monatskarte","EUR","debit","2025-04-26 23:00:00+00","2025-04-26 23:00:00+00"
"4739286263","4850","Deutsche Bahn AG","DE63700800000556478900","Monatskarte","EUR","debit","2025-05-28 23:00:00+00","2025-05-28 23:00:00+00"
"4739286297","4850","Deutsche Bahn AG","DE63700800000556478900","Monatskarte","EUR","debit","2025-06-29 23:00:00+00","2025-06-29 23:00:00+00"
"4739285565","135000","Peter Schaller","DE45700800000000039985","Miete Agnestr. 46","EUR","debit","2025-08-10 23:00:00+00","2025-08-10 23:00:00+00"
"4739285432","135000","Peter Schaller","DE45700800000000039985","Miete Agnestr. 46","EUR","debit","2025-04-04 23:00:00+00","2025-04-04 23:00:00+00"
"4739285532","135000","Peter Schaller","DE45700800000000039985","Miete Agnestr. 46","EUR","debit","2025-07-09 23:00:00+00","2025-07-09 23:00:00+00"
"4739285466","135000","Peter Schaller","DE45700800000000039985","Miete Agnestr. 46","EUR","debit","2025-05-06 23:00:00+00","2025-05-06 23:00:00+00"
"4739286308","135000","Peter Schaller","DE45700800000000039985","Miete Agnestr. 46","EUR","debit","2025-07-09 23:00:00+00","2025-07-09 23:00:00+00"
"4739285600","135000","Peter Schaller","DE45700800000000039985","Miete Agnestr. 46","EUR","debit","2025-09-11 23:00:00+00","2025-09-11 23:00:00+00"
"4739286207","135000","Peter Schaller","DE45700800000000039985","Miete Agnestr. 46","EUR","debit","2025-04-04 23:00:00+00","2025-04-04 23:00:00+00"
"4739286274","135000","Peter Schaller","DE45700800000000039985","Miete Agnestr. 46","EUR","debit","2025-06-07 23:00:00+00","2025-06-07 23:00:00+00"
"4739286376","135000","Peter Schaller","DE45700800000000039985","Miete Agnestr. 46","EUR","debit","2025-09-11 23:00:00+00","2025-09-11 23:00:00+00"
"4739286241","135000","Peter Schaller","DE45700800000000039985","Miete Agnestr. 46","EUR","debit","2025-05-06 23:00:00+00","2025-05-06 23:00:00+00"
"4739286341","135000","Peter Schaller","DE45700800000000039985","Miete Agnestr. 46","EUR","debit","2025-08-10 23:00:00+00","2025-08-10 23:00:00+00"
"4739285398","135000","Peter Schaller","DE45700800000000039985","Miete Agnestr. 46","EUR","debit","2025-03-03 23:00:00+00","2025-03-03 23:00:00+00"
"4739286173","135000","Peter Schaller","DE45700800000000039985","Miete Agnestr. 46","EUR","debit","2025-03-03 23:00:00+00","2025-03-03 23:00:00+00"
"4739285361","135000","Peter Schaller","DE45700800000000039985","Miete Agnestr. 46","EUR","debit","2025-01-30 23:00:00+00","2025-01-30 23:00:00+00"
"4739286139","135000","Peter Schaller","DE45700800000000039985","Miete Agnestr. 46","EUR","debit","2025-01-30 23:00:00+00","2025-01-30 23:00:00+00"
"4739285499","135000","Peter Schaller","DE45700800000000039985","Miete Agnestr. 46","EUR","debit","2025-06-07 23:00:00+00","2025-06-07 23:00:00+00"
"4739285492","384369","Braumüller GmbH","DE77700800000000998642","Lohn und Gehalt","EUR","credit","2025-05-31 23:00:00+00","2025-05-31 23:00:00+00"
"4739286141","384369","Braumüller GmbH","DE13700800000000044635","Lohn und Gehalt","EUR","credit","2025-01-31 23:00:00+00","2025-01-31 23:00:00+00"
"4739285325","384369","Braumüller GmbH","DE79700800000001055545","Lohn und Gehalt","EUR","credit","2024-12-31 23:00:00+00","2024-12-31 23:00:00+00"
"4739285523","758432","Braumüller GmbH","DE77700800000000998642","Lohn und Gehalt","EUR","credit","2025-06-30 23:00:00+00","2025-06-30 23:00:00+00"
"4739286108","384369","Braumüller GmbH","DE79700800000001055545","Lohn und Gehalt","EUR","credit","2024-12-31 23:00:00+00","2024-12-31 23:00:00+00"
"4739286299","758432","Braumüller GmbH","DE77700800000000998642","Lohn und Gehalt","EUR","credit","2025-06-30 23:00:00+00","2025-06-30 23:00:00+00"
"4739285395","384369","Braumüller GmbH","DE13700800000000044635","Lohn und Gehalt","EUR","credit","2025-02-28 23:00:00+00","2025-02-28 23:00:00+00"
"4739285621","384369","Braumüller GmbH","DE37700800000133332000","Lohn und Gehalt","EUR","credit","2025-09-30 23:00:00+00","2025-10-01 23:00:00+00"
"4739286203","384369","Braumüller GmbH","DE13700800000000044635","Lohn und Gehalt","EUR","credit","2025-03-31 23:00:00+00","2025-03-31 23:00:00+00"
"4739285589","384369","Braumüller GmbH","DE37700800000133332000","Lohn und Gehalt","EUR","credit","2025-08-31 23:00:00+00","2025-08-31 23:00:00+00"
"4739286170","384369","Braumüller GmbH","DE13700800000000044635","Lohn und Gehalt","EUR","credit","2025-02-28 23:00:00+00","2025-02-28 23:00:00+00"
"4739286397","384369","Braumüller GmbH","DE37700800000133332000","Lohn und Gehalt","EUR","credit","2025-09-30 23:00:00+00","2025-10-01 23:00:00+00"
"4739285428","384369","Braumüller GmbH","DE13700800000000044635","Lohn und Gehalt","EUR","credit","2025-03-31 23:00:00+00","2025-03-31 23:00:00+00"
"4739286365","384369","Braumüller GmbH","DE37700800000133332000","Lohn und Gehalt","EUR","credit","2025-08-31 23:00:00+00","2025-08-31 23:00:00+00"
"4739285364","384369","Braumüller GmbH","DE13700800000000044635","Lohn und Gehalt","EUR","credit","2025-01-31 23:00:00+00","2025-01-31 23:00:00+00"
"4739286331","384369","Braumüller GmbH","DE13700800000000044635","Lohn und Gehalt","EUR","credit","2025-07-31 23:00:00+00","2025-07-31 23:00:00+00"
"4739285460","384369","Braumüller GmbH","DE37700800000133332000","Lohn und Gehalt","EUR","credit","2025-04-30 23:00:00+00","2025-04-30 23:00:00+00"
"4739285555","384369","Braumüller GmbH","DE13700800000000044635","Lohn und Gehalt","EUR","credit","2025-07-31 23:00:00+00","2025-07-31 23:00:00+00"
"4739286235","384369","Braumüller GmbH","DE37700800000133332000","Lohn und Gehalt","EUR","credit","2025-04-30 23:00:00+00","2025-04-30 23:00:00+00"
"4739286267","384369","Braumüller GmbH","DE77700800000000998642","Lohn und Gehalt","EUR","credit","2025-05-31 23:00:00+00","2025-05-31 23:00:00+00"
"4739285511","37300","Bankhaus Max Flessa und Co","DE89700800000000057526","Kreditkartenabr.","EUR","debit","2025-06-20 23:00:00+00","2025-06-20 23:00:00+00"
"4739285377","37300","Bankhaus Max Flessa und Co","DE69700800000123456921","Kreditkartenabr.","EUR","debit","2025-02-12 23:00:00+00","2025-02-12 23:00:00+00"
"4739286118","17898","Bankhaus Max Flessa und Co","DE78700800000144443000","Kreditkartenabr.","EUR","debit","2025-01-11 23:00:00+00","2025-01-11 23:00:00+00"
"4739286389","37300","Bankhaus Max Flessa und Co","DE94700800000000003213","Kreditkartenabr.","EUR","debit","2025-09-24 23:00:00+00","2025-09-24 23:00:00+00"
"4739286185","37300","Bankhaus Max Flessa und Co","DE42700800000056456500","Kreditkartenabr.","EUR","debit","2025-03-16 23:00:00+00","2025-03-16 23:00:00+00"
"4739285410","37300","Bankhaus Max Flessa und Co","DE42700800000056456500","Kreditkartenabr.","EUR","debit","2025-03-16 23:00:00+00","2025-03-16 23:00:00+00"
"4739285545","37300","Bankhaus Max Flessa und Co","DE89700800000000057526","Kreditkartenabr.","EUR","debit","2025-07-22 23:00:00+00","2025-07-22 23:00:00+00"
"4739285478","37300","Bankhaus Max Flessa und Co","DE94700800000000003213","Kreditkartenabr.","EUR","debit","2025-05-19 23:00:00+00","2025-05-19 23:00:00+00"
"4739285444","37300","Bankhaus Max Flessa und Co","DE90700800000352413500","Kreditkartenabr.","EUR","debit","2025-04-17 23:00:00+00","2025-04-17 23:00:00+00"
"4739285335","17898","Bankhaus Max Flessa und Co","DE78700800000144443000","Kreditkartenabr.","EUR","debit","2025-01-11 23:00:00+00","2025-01-11 23:00:00+00"
"4739286321","37300","Bankhaus Max Flessa und Co","DE89700800000000057526","Kreditkartenabr.","EUR","debit","2025-07-22 23:00:00+00","2025-07-22 23:00:00+00"
"4739285613","37300","Bankhaus Max Flessa und Co","DE94700800000000003213","Kreditkartenabr.","EUR","debit","2025-09-24 23:00:00+00","2025-09-24 23:00:00+00"
"4739286354","37300","Bankhaus Max Flessa und Co","DE89700800000000057526","Kreditkartenabr.","EUR","debit","2025-08-23 23:00:00+00","2025-08-23 23:00:00+00"
"4739285578","37300","Bankhaus Max Flessa und Co","DE89700800000000057526","Kreditkartenabr.","EUR","debit","2025-08-23 23:00:00+00","2025-08-23 23:00:00+00"
"4739286219","37300","Bankhaus Max Flessa und Co","DE90700800000352413500","Kreditkartenabr.","EUR","debit","2025-04-17 23:00:00+00","2025-04-17 23:00:00+00"
"4739286286","37300","Bankhaus Max Flessa und Co","DE89700800000000057526","Kreditkartenabr.","EUR","debit","2025-06-20 23:00:00+00","2025-06-20 23:00:00+00"
"4739286253","37300","Bankhaus Max Flessa und Co","DE94700800000000003213","Kreditkartenabr.","EUR","debit","2025-05-19 23:00:00+00","2025-05-19 23:00:00+00"
"4739286152","37300","Bankhaus Max Flessa und Co","DE69700800000123456921","Kreditkartenabr.","EUR","debit","2025-02-12 23:00:00+00","2025-02-12 23:00:00+00"
"4739286157","3200","ebay","DE23700800000124988700","Ihr Einkauf bei Mustershop","EUR","debit","2025-02-17 23:00:00+00","2025-02-17 23:00:00+00"
"4739286191","2525","ebay","DE23700800000124988700","Ihr Einkauf bei Mustershop","EUR","debit","2025-03-21 23:00:00+00","2025-03-21 23:00:00+00"
"4739286327","3569","ebay","DE12700800000654654100","Ihr Einkauf bei Mustershop","EUR","debit","2025-07-27 23:00:00+00","2025-07-27 23:00:00+00"
"4739285484","3569","ebay","DE78700800000144443000","Ihr Einkauf bei Mustershop","EUR","debit","2025-05-24 23:00:00+00","2025-05-24 23:00:00+00"
"4739285450","5465","ebay","DE23700800000124988700","Ihr Einkauf bei Mustershop","EUR","debit","2025-04-22 23:00:00+00","2025-04-22 23:00:00+00"
"4739286294","3569","ebay","DE71700800000812369800","Ihr Einkauf bei Mustershop","EUR","debit","2025-06-25 23:00:00+00","2025-06-25 23:00:00+00"
"4739286123","3569","ebay","DE68700800000124515500","Ihr Einkauf bei Mustershop","EUR","debit","2025-01-16 23:00:00+00","2025-01-16 23:00:00+00"
"4739286225","5465","ebay","DE23700800000124988700","Ihr Einkauf bei Mustershop","EUR","debit","2025-04-22 23:00:00+00","2025-04-22 23:00:00+00"
"4739285382","3200","ebay","DE23700800000124988700","Ihr Einkauf bei Mustershop","EUR","debit","2025-02-17 23:00:00+00","2025-02-17 23:00:00+00"
"4739285551","3569","ebay","DE12700800000654654100","Ihr Einkauf bei Mustershop","EUR","debit","2025-07-27 23:00:00+00","2025-07-27 23:00:00+00"
"4739285518","3569","ebay","DE71700800000812369800","Ihr Einkauf bei Mustershop","EUR","debit","2025-06-25 23:00:00+00","2025-06-25 23:00:00+00"
"4739286259","3569","ebay","DE78700800000144443000","Ihr Einkauf bei Mustershop","EUR","debit","2025-05-24 23:00:00+00","2025-05-24 23:00:00+00"
"4739285340","3569","ebay","DE68700800000124515500","Ihr Einkauf bei Mustershop","EUR","debit","2025-01-16 23:00:00+00","2025-01-16 23:00:00+00"
"4739286362","3569","ebay","DE23700800000124988700","Ihr Einkauf bei Mustershop","EUR","debit","2025-08-28 23:00:00+00","2025-08-28 23:00:00+00"
"4739285586","3569","ebay","DE23700800000124988700","Ihr Einkauf bei Mustershop","EUR","debit","2025-08-28 23:00:00+00","2025-08-28 23:00:00+00"
"4739285619","3569","ebay","DE78700800000144443000","Ihr Einkauf bei Mustershop","EUR","debit","2025-09-29 23:00:00+00","2025-09-29 23:00:00+00"
"4739285416","2525","ebay","DE23700800000124988700","Ihr Einkauf bei Mustershop","EUR","debit","2025-03-21 23:00:00+00","2025-03-21 23:00:00+00"
"4739286395","3569","ebay","DE78700800000144443000","Ihr Einkauf bei Mustershop","EUR","debit","2025-09-29 23:00:00+00","2025-09-29 23:00:00+00"
"4739286172","300","VB Musterstadt","DE45700800000000039985","HERZLICHEN GLÜCKWUNSCH ZU IHREM GEWINN LOS 0815","EUR","credit","2025-03-02 23:00:00+00","2025-03-02 23:00:00+00"
"4739286240","300","VB Musterstadt","DE45700800000000039985","HERZLICHEN GLÜCKWUNSCH ZU IHREM GEWINN LOS 0815","EUR","credit","2025-05-05 23:00:00+00","2025-05-05 23:00:00+00"
"4739285498","300","VB Musterstadt","DE56700800000099991400","HERZLICHEN GLÜCKWUNSCH ZU IHREM GEWINN LOS 0815","EUR","credit","2025-06-06 23:00:00+00","2025-06-06 23:00:00+00"
"4739286273","300","VB Musterstadt","DE56700800000099991400","HERZLICHEN GLÜCKWUNSCH ZU IHREM GEWINN LOS 0815","EUR","credit","2025-06-06 23:00:00+00","2025-06-06 23:00:00+00"
"4739286340","300","VB Musterstadt","DE56700800000099991400","HERZLICHEN GLÜCKWUNSCH ZU IHREM GEWINN LOS 0815","EUR","credit","2025-08-09 23:00:00+00","2025-08-09 23:00:00+00"
"4739285531","300","VB Musterstadt","DE56700800000099991400","HERZLICHEN GLÜCKWUNSCH ZU IHREM GEWINN LOS 0815","EUR","credit","2025-07-08 23:00:00+00","2025-07-08 23:00:00+00"
"4739285465","300","VB Musterstadt","DE45700800000000039985","HERZLICHEN GLÜCKWUNSCH ZU IHREM GEWINN LOS 0815","EUR","credit","2025-05-05 23:00:00+00","2025-05-05 23:00:00+00"
"4739286375","500","VB Musterstadt","DE45700800000000039985","HERZLICHEN GLÜCKWUNSCH ZU IHREM GEWINN LOS 0815","EUR","credit","2025-09-10 23:00:00+00","2025-09-10 23:00:00+00"
"4739286307","300","VB Musterstadt","DE56700800000099991400","HERZLICHEN GLÜCKWUNSCH ZU IHREM GEWINN LOS 0815","EUR","credit","2025-07-08 23:00:00+00","2025-07-08 23:00:00+00"
"4739285599","500","VB Musterstadt","DE45700800000000039985","HERZLICHEN GLÜCKWUNSCH ZU IHREM GEWINN LOS 0815","EUR","credit","2025-09-10 23:00:00+00","2025-09-10 23:00:00+00"
"4739286206","800","VB Musterstadt","DE45700800000000039985","HERZLICHEN GLÜCKWUNSCH ZU IHREM GEWINN LOS 0815","EUR","credit","2025-04-03 23:00:00+00","2025-04-03 23:00:00+00"
"4739286138","1000","VB Musterstadt","DE45700800000000039985","HERZLICHEN GLÜCKWUNSCH ZU IHREM GEWINN LOS 0815","EUR","credit","2025-01-29 23:00:00+00","2025-01-29 23:00:00+00"
"4739285359","1000","VB Musterstadt","DE45700800000000039985","HERZLICHEN GLÜCKWUNSCH ZU IHREM GEWINN LOS 0815","EUR","credit","2025-01-29 23:00:00+00","2025-01-29 23:00:00+00"
"4739285564","300","VB Musterstadt","DE56700800000099991400","HERZLICHEN GLÜCKWUNSCH ZU IHREM GEWINN LOS 0815","EUR","credit","2025-08-09 23:00:00+00","2025-08-09 23:00:00+00"
"4739285431","800","VB Musterstadt","DE45700800000000039985","HERZLICHEN GLÜCKWUNSCH ZU IHREM GEWINN LOS 0815","EUR","credit","2025-04-03 23:00:00+00","2025-04-03 23:00:00+00"
"4739285397","300","VB Musterstadt","DE45700800000000039985","HERZLICHEN GLÜCKWUNSCH ZU IHREM GEWINN LOS 0815","EUR","credit","2025-03-02 23:00:00+00","2025-03-02 23:00:00+00"
"4739285598","5000","VB Musterstadt","DE56700800000099991400","Gewinnsparen","EUR","debit","2025-09-09 23:00:00+00","2025-09-09 23:00:00+00"
"4739285497","5000","VB Musterstadt","DE58700800000018898200","Gewinnsparen","EUR","debit","2025-06-05 23:00:00+00","2025-06-05 23:00:00+00"
"4739286306","5000","VB Musterstadt","DE58700800000018898200","Gewinnsparen","EUR","debit","2025-07-07 23:00:00+00","2025-07-07 23:00:00+00"
"4739285563","5000","VB Musterstadt","DE58700800000018898200","Gewinnsparen","EUR","debit","2025-08-08 23:00:00+00","2025-08-08 23:00:00+00"
"4739286137","5000","VB Musterstadt","DE56700800000099991400","Gewinnsparen","EUR","debit","2025-01-28 23:00:00+00","2025-01-28 23:00:00+00"
"4739285396","5000","VB Musterstadt","DE56700800000099991400","Gewinnsparen","EUR","debit","2025-03-01 23:00:00+00","2025-03-01 23:00:00+00"
"4739286339","5000","VB Musterstadt","DE58700800000018898200","Gewinnsparen","EUR","debit","2025-08-08 23:00:00+00","2025-08-08 23:00:00+00"
"4739286171","5000","VB Musterstadt","DE56700800000099991400","Gewinnsparen","EUR","debit","2025-03-01 23:00:00+00","2025-03-01 23:00:00+00"
"4739285430","5000","VB Musterstadt","DE56700800000099991400","Gewinnsparen","EUR","debit","2025-04-02 23:00:00+00","2025-04-02 23:00:00+00"
"4739286205","5000","VB Musterstadt","DE56700800000099991400","Gewinnsparen","EUR","debit","2025-04-02 23:00:00+00","2025-04-02 23:00:00+00"
"4739286239","5000","VB Musterstadt","DE56700800000099991400","Gewinnsparen","EUR","debit","2025-05-04 23:00:00+00","2025-05-04 23:00:00+00"
"4739285530","5000","VB Musterstadt","DE58700800000018898200","Gewinnsparen","EUR","debit","2025-07-07 23:00:00+00","2025-07-07 23:00:00+00"
"4739286272","5000","VB Musterstadt","DE58700800000018898200","Gewinnsparen","EUR","debit","2025-06-05 23:00:00+00","2025-06-05 23:00:00+00"
"4739285464","5000","VB Musterstadt","DE56700800000099991400","Gewinnsparen","EUR","debit","2025-05-04 23:00:00+00","2025-05-04 23:00:00+00"
"4739286374","5000","VB Musterstadt","DE56700800000099991400","Gewinnsparen","EUR","debit","2025-09-09 23:00:00+00","2025-09-09 23:00:00+00"
"4739285358","5000","VB Musterstadt","DE56700800000099991400","Gewinnsparen","EUR","debit","2025-01-28 23:00:00+00","2025-01-28 23:00:00+00"
"4739286247","5000","Barabhebung","DE79700800000001055545","GA 470/11","EUR","debit","2025-05-12 23:00:00+00","2025-05-12 23:00:00+00"
"4739286262","10000","Barabhebung","DE79700800000001055545","GA 470/11","EUR","debit","2025-05-27 23:00:00+00","2025-05-27 23:00:00+00"
"4739285342","10000","Barabhebung","DE63700800000556478900","GA 470/11","EUR","debit","2025-01-19 23:00:00+00","2025-01-19 23:00:00+00"
"4739286229","10000","Barabhebung","DE63700800000556478900","GA 470/11","EUR","debit","2025-04-25 23:00:00+00","2025-04-25 23:00:00+00"
"4739285384","10000","Barabhebung","DE63700800000556478900","GA 470/11","EUR","debit","2025-02-20 23:00:00+00","2025-02-20 23:00:00+00"
"4739285538","15000","Barabhebung","DE56700800000023235300","GA 470/11","EUR","debit","2025-07-15 23:00:00+00","2025-07-15 23:00:00+00"
"4739286213","15000","Barabhebung","DE79700800000001055545","GA 470/11","EUR","debit","2025-04-10 23:00:00+00","2025-04-10 23:00:00+00"
"4739285472","5000","Barabhebung","DE79700800000001055545","GA 470/11","EUR","debit","2025-05-12 23:00:00+00","2025-05-12 23:00:00+00"
"4739285404","15000","Barabhebung","DE79700800000001055545","GA 470/11","EUR","debit","2025-03-09 23:00:00+00","2025-03-09 23:00:00+00"
"4739286280","15000","Barabhebung","DE56700800000023235300","GA 470/11","EUR","debit","2025-06-13 23:00:00+00","2025-06-13 23:00:00+00"
"4739285454","10000","Barabhebung","DE63700800000556478900","GA 470/11","EUR","debit","2025-04-25 23:00:00+00","2025-04-25 23:00:00+00"
"4739285329","6000","Barabhebung","DE90700800000000000569","GA 470/11","EUR","debit","2025-01-04 23:00:00+00","2025-01-04 23:00:00+00"
"4739286112","6000","Barabhebung","DE90700800000000000569","GA 470/11","EUR","debit","2025-01-04 23:00:00+00","2025-01-04 23:00:00+00"
"4739285571","8000","Barabhebung","DE56700800000023235300","GA 470/11","EUR","debit","2025-08-16 23:00:00+00","2025-08-16 23:00:00+00"
"4739285588","10000","Barabhebung","DE63700800000556478900","GA 470/11","EUR","debit","2025-08-31 23:00:00+00","2025-08-31 23:00:00+00"
"4739285622","10000","Barabhebung","DE79700800000001055545","GA 470/11","EUR","debit","2025-10-02 23:00:00+00","2025-10-02 23:00:00+00"
"4739285418","10000","Barabhebung","DE63700800000556478900","GA 470/11","EUR","debit","2025-03-24 23:00:00+00","2025-03-24 23:00:00+00"
"4739285606","15000","Barabhebung","DE79700800000001055545","GA 470/11","EUR","debit","2025-09-17 23:00:00+00","2025-09-17 23:00:00+00"
"4739286382","15000","Barabhebung","DE79700800000001055545","GA 470/11","EUR","debit","2025-09-17 23:00:00+00","2025-09-17 23:00:00+00"
"4739286398","10000","Barabhebung","DE79700800000001055545","GA 470/11","EUR","debit","2025-10-02 23:00:00+00","2025-10-02 23:00:00+00"
"4739285487","10000","Barabhebung","DE79700800000001055545","GA 470/11","EUR","debit","2025-05-27 23:00:00+00","2025-05-27 23:00:00+00"
"4739286364","10000","Barabhebung","DE63700800000556478900","GA 470/11","EUR","debit","2025-08-31 23:00:00+00","2025-08-31 23:00:00+00"
"4739285371","15000","Barabhebung","DE79700800000001055545","GA 470/11","EUR","debit","2025-02-05 23:00:00+00","2025-02-05 23:00:00+00"
"4739286193","10000","Barabhebung","DE63700800000556478900","GA 470/11","EUR","debit","2025-03-24 23:00:00+00","2025-03-24 23:00:00+00"
"4739286296","10000","Barabhebung","DE13700800000000044635","GA 470/11","EUR","debit","2025-06-28 23:00:00+00","2025-06-28 23:00:00+00"
"4739285438","15000","Barabhebung","DE79700800000001055545","GA 470/11","EUR","debit","2025-04-10 23:00:00+00","2025-04-10 23:00:00+00"
"4739286347","8000","Barabhebung","DE56700800000023235300","GA 470/11","EUR","debit","2025-08-16 23:00:00+00","2025-08-16 23:00:00+00"
"4739286314","15000","Barabhebung","DE56700800000023235300","GA 470/11","EUR","debit","2025-07-15 23:00:00+00","2025-07-15 23:00:00+00"
"4739286179","15000","Barabhebung","DE79700800000001055545","GA 470/11","EUR","debit","2025-03-09 23:00:00+00","2025-03-09 23:00:00+00"
"4739285553","10000","Barabhebung","DE13700800000000044635","GA 470/11","EUR","debit","2025-07-30 23:00:00+00","2025-07-30 23:00:00+00"
"4739286159","10000","Barabhebung","DE63700800000556478900","GA 470/11","EUR","debit","2025-02-20 23:00:00+00","2025-02-20 23:00:00+00"
"4739285520","10000","Barabhebung","DE13700800000000044635","GA 470/11","EUR","debit","2025-06-28 23:00:00+00","2025-06-28 23:00:00+00"
"4739285505","15000","Barabhebung","DE56700800000023235300","GA 470/11","EUR","debit","2025-06-13 23:00:00+00","2025-06-13 23:00:00+00"
"4739286146","15000","Barabhebung","DE79700800000001055545","GA 470/11","EUR","debit","2025-02-05 23:00:00+00","2025-02-05 23:00:00+00"
"4739286125","10000","Barabhebung","DE63700800000556478900","GA 470/11","EUR","debit","2025-01-19 23:00:00+00","2025-01-19 23:00:00+00"
"4739286329","10000","Barabhebung","DE13700800000000044635","GA 470/11","EUR","debit","2025-07-30 23:00:00+00","2025-07-30 23:00:00+00"
"4739286204","3750","VB Musterstadt","DE58700800000018898200","DIVIDENDE 2014","EUR","credit","2025-04-01 23:00:00+00","2025-04-01 23:00:00+00"
"4739285496","3750","VB Musterstadt","DE73700800000144543000","DIVIDENDE 2014","EUR","credit","2025-06-04 23:00:00+00","2025-06-04 23:00:00+00"
"4739286338","3750","VB Musterstadt","DE73700800000144543000","DIVIDENDE 2014","EUR","credit","2025-08-07 23:00:00+00","2025-08-07 23:00:00+00"
"4739286271","3750","VB Musterstadt","DE73700800000144543000","DIVIDENDE 2014","EUR","credit","2025-06-04 23:00:00+00","2025-06-04 23:00:00+00"
"4739286305","3750","VB Musterstadt","DE73700800000144543000","DIVIDENDE 2014","EUR","credit","2025-07-06 23:00:00+00","2025-07-06 23:00:00+00"
"4739286373","3750","VB Musterstadt","DE58700800000018898200","DIVIDENDE 2014","EUR","credit","2025-09-08 23:00:00+00","2025-09-08 23:00:00+00"
"4739286136","3750","VB Musterstadt","DE58700800000018898200","DIVIDENDE 2014","EUR","credit","2025-01-27 23:00:00+00","2025-01-27 23:00:00+00"
"4739285429","3750","VB Musterstadt","DE58700800000018898200","DIVIDENDE 2014","EUR","credit","2025-04-01 23:00:00+00","2025-04-01 23:00:00+00"
"4739285562","3750","VB Musterstadt","DE73700800000144543000","DIVIDENDE 2014","EUR","credit","2025-08-07 23:00:00+00","2025-08-07 23:00:00+00"
"4739286169","3750","VB Musterstadt","DE58700800000018898200","DIVIDENDE 2014","EUR","credit","2025-02-28 23:00:00+00","2025-02-28 23:00:00+00"
"4739286238","3850","VB Musterstadt","DE58700800000018898200","DIVIDENDE 2014","EUR","credit","2025-05-03 23:00:00+00","2025-05-03 23:00:00+00"
"4739285597","3750","VB Musterstadt","DE58700800000018898200","DIVIDENDE 2014","EUR","credit","2025-09-08 23:00:00+00","2025-09-08 23:00:00+00"
"4739285356","3750","VB Musterstadt","DE58700800000018898200","DIVIDENDE 2014","EUR","credit","2025-01-27 23:00:00+00","2025-01-27 23:00:00+00"
"4739285529","3750","VB Musterstadt","DE73700800000144543000","DIVIDENDE 2014","EUR","credit","2025-07-06 23:00:00+00","2025-07-06 23:00:00+00"
"4739285394","3750","VB Musterstadt","DE58700800000018898200","DIVIDENDE 2014","EUR","credit","2025-02-28 23:00:00+00","2025-02-28 23:00:00+00"
"4739285463","3850","VB Musterstadt","DE58700800000018898200","DIVIDENDE 2014","EUR","credit","2025-05-03 23:00:00+00","2025-05-03 23:00:00+00"
"4739286335","40000","Girokonto","DE31700800000000065651","Dauerauftrag: Sparen","EUR","debit","2025-08-04 23:00:00+00","2025-08-04 23:00:00+00"
"4739285594","40000","Girokonto","DE08700800000132486100","Dauerauftrag: Sparen","EUR","debit","2025-09-05 23:00:00+00","2025-09-05 23:00:00+00"
"4739285349","40000","Girokonto","DE08700800000132486100","Dauerauftrag: Sparen","EUR","debit","2025-01-24 23:00:00+00","2025-01-24 23:00:00+00"
"4739285627","40000","Girokonto","DE36700800000124563800","Dauerauftrag: Sparen","EUR","debit","2025-10-07 23:00:00+00","2025-10-07 23:00:00+00"
"4739286131","40000","Girokonto","DE08700800000132486100","Dauerauftrag: Sparen","EUR","debit","2025-01-24 23:00:00+00","2025-01-24 23:00:00+00"
"4739286166","40000","Girokonto","DE08700800000132486100","Dauerauftrag: Sparen","EUR","debit","2025-02-25 23:00:00+00","2025-02-25 23:00:00+00"
"4739285391","40000","Girokonto","DE08700800000132486100","Dauerauftrag: Sparen","EUR","debit","2025-02-25 23:00:00+00","2025-02-25 23:00:00+00"
"4739286200","40000","Girokonto","DE08700800000132486100","Dauerauftrag: Sparen","EUR","debit","2025-03-29 23:00:00+00","2025-03-29 23:00:00+00"
"4739286403","40000","Girokonto","DE36700800000124563800","Dauerauftrag: Sparen","EUR","debit","2025-10-07 23:00:00+00","2025-10-07 23:00:00+00"
"4739286234","40000","Girokonto","DE08700800000132486100","Dauerauftrag: Sparen","EUR","debit","2025-04-30 23:00:00+00","2025-04-30 23:00:00+00"
"4739286268","40000","Girokonto","DE36700800000124563800","Dauerauftrag: Sparen","EUR","debit","2025-06-01 23:00:00+00","2025-06-01 23:00:00+00"
"4739286370","40000","Girokonto","DE08700800000132486100","Dauerauftrag: Sparen","EUR","debit","2025-09-05 23:00:00+00","2025-09-05 23:00:00+00"
"4739285459","40000","Girokonto","DE08700800000132486100","Dauerauftrag: Sparen","EUR","debit","2025-04-30 23:00:00+00","2025-04-30 23:00:00+00"
"4739285493","40000","Girokonto","DE36700800000124563800","Dauerauftrag: Sparen","EUR","debit","2025-06-01 23:00:00+00","2025-06-01 23:00:00+00"
"4739285526","40000","Girokonto","DE11700800000012698321","Dauerauftrag: Sparen","EUR","debit","2025-07-03 23:00:00+00","2025-07-03 23:00:00+00"
"4739286302","40000","Girokonto","DE11700800000012698321","Dauerauftrag: Sparen","EUR","debit","2025-07-03 23:00:00+00","2025-07-03 23:00:00+00"
"4739285559","40000","Girokonto","DE31700800000000065651","Dauerauftrag: Sparen","EUR","debit","2025-08-04 23:00:00+00","2025-08-04 23:00:00+00"
"4739285425","40000","Girokonto","DE08700800000132486100","Dauerauftrag: Sparen","EUR","debit","2025-03-29 23:00:00+00","2025-03-29 23:00:00+00"
"4739285392","23511","HUK-COBURG-KRANKENVERS. AG","DE56700800000081134600","BEITRAG KRANKENVERSICHERUNG","EUR","debit","2025-02-26 23:00:00+00","2025-02-26 23:00:00+00"
"4739286201","23511","HUK-COBURG-KRANKENVERS. AG","DE56700800000081134600","BEITRAG KRANKENVERSICHERUNG","EUR","debit","2025-03-30 23:00:00+00","2025-03-30 23:00:00+00"
"4739286236","23511","HUK-COBURG-KRANKENVERS. AG","DE56700800000081134600","BEITRAG KRANKENVERSICHERUNG","EUR","debit","2025-05-01 23:00:00+00","2025-05-01 23:00:00+00"
"4739286303","23511","HUK-COBURG-KRANKENVERS. AG","DE08700800000132486100","BEITRAG KRANKENVERSICHERUNG","EUR","debit","2025-07-04 23:00:00+00","2025-07-04 23:00:00+00"
"4739286404","23511","HUK-COBURG-KRANKENVERS. AG","DE08700800000132486100","BEITRAG KRANKENVERSICHERUNG","EUR","debit","2025-10-08 23:00:00+00","2025-10-08 23:00:00+00"
"4739286371","23511","HUK-COBURG-KRANKENVERS. AG","DE56700800000081134600","BEITRAG KRANKENVERSICHERUNG","EUR","debit","2025-09-06 23:00:00+00","2025-09-06 23:00:00+00"
"4739285595","23511","HUK-COBURG-KRANKENVERS. AG","DE56700800000081134600","BEITRAG KRANKENVERSICHERUNG","EUR","debit","2025-09-06 23:00:00+00","2025-09-06 23:00:00+00"
"4739285426","23511","HUK-COBURG-KRANKENVERS. AG","DE56700800000081134600","BEITRAG KRANKENVERSICHERUNG","EUR","debit","2025-03-30 23:00:00+00","2025-03-30 23:00:00+00"
"4739285628","23511","HUK-COBURG-KRANKENVERS. AG","DE08700800000132486100","BEITRAG KRANKENVERSICHERUNG","EUR","debit","2025-10-08 23:00:00+00","2025-10-08 23:00:00+00"
"4739285494","23511","HUK-COBURG-KRANKENVERS. AG","DE08700800000132486100","BEITRAG KRANKENVERSICHERUNG","EUR","debit","2025-06-02 23:00:00+00","2025-06-02 23:00:00+00"
"4739285461","23511","HUK-COBURG-KRANKENVERS. AG","DE56700800000081134600","BEITRAG KRANKENVERSICHERUNG","EUR","debit","2025-05-01 23:00:00+00","2025-05-01 23:00:00+00"
"4739286134","23511","HUK-COBURG-KRANKENVERS. AG","DE56700800000081134600","BEITRAG KRANKENVERSICHERUNG","EUR","debit","2025-01-25 23:00:00+00","2025-01-25 23:00:00+00"
"4739285560","23511","HUK-COBURG-KRANKENVERS. AG","DE08700800000132486100","BEITRAG KRANKENVERSICHERUNG","EUR","debit","2025-08-05 23:00:00+00","2025-08-05 23:00:00+00"
"4739286269","23511","HUK-COBURG-KRANKENVERS. AG","DE08700800000132486100","BEITRAG KRANKENVERSICHERUNG","EUR","debit","2025-06-02 23:00:00+00","2025-06-02 23:00:00+00"
"4739286336","23511","HUK-COBURG-KRANKENVERS. AG","DE08700800000132486100","BEITRAG KRANKENVERSICHERUNG","EUR","debit","2025-08-05 23:00:00+00","2025-08-05 23:00:00+00"
"4739286167","23511","HUK-COBURG-KRANKENVERS. AG","DE56700800000081134600","BEITRAG KRANKENVERSICHERUNG","EUR","debit","2025-02-26 23:00:00+00","2025-02-26 23:00:00+00"
"4739285354","23511","HUK-COBURG-KRANKENVERS. AG","DE56700800000081134600","BEITRAG KRANKENVERSICHERUNG","EUR","debit","2025-01-25 23:00:00+00","2025-01-25 23:00:00+00"
"4739285527","23511","HUK-COBURG-KRANKENVERS. AG","DE08700800000132486100","BEITRAG KRANKENVERSICHERUNG","EUR","debit","2025-07-04 23:00:00+00","2025-07-04 23:00:00+00"
"4739286356","230000","Reisebüro Schauinsland","DE90700800000352413500","Anzahlung","EUR","debit","2025-08-24 23:00:00+00","2025-08-24 23:00:00+00"
"4739285580","230000","Reisebüro Schauinsland","DE90700800000352413500","Anzahlung","EUR","debit","2025-08-24 23:00:00+00","2025-08-24 23:00:00+00"
"4739286385","40000","Lohn/Gehalt","DE77700800000000023113","Abrechnung","EUR","credit","2025-09-20 23:00:00+00","2025-09-20 23:00:00+00"
"4739285512","40000","Lohn/Gehalt","DE24700800000116665500","Abrechnung","EUR","credit","2025-06-20 23:00:00+00","2025-06-20 23:00:00+00"
"4739285480","40000","Lohn/Gehalt","DE24700800000116665500","Abrechnung","EUR","credit","2025-05-20 23:00:00+00","2025-05-20 23:00:00+00"
"4739286255","40000","Lohn/Gehalt","DE24700800000116665500","Abrechnung","EUR","credit","2025-05-20 23:00:00+00","2025-05-20 23:00:00+00"
"4739286223","40000","Lohn/Gehalt","DE77700800000000023113","Abrechnung","EUR","credit","2025-04-20 23:00:00+00","2025-04-20 23:00:00+00"
"4739285385","40000","Lohn/Gehalt","DE26700800000012554200","Abrechnung","EUR","credit","2025-02-20 23:00:00+00","2025-02-20 23:00:00+00"
"4739285344","40000","Lohn/Gehalt","DE02700800000056567800","Abrechnung","EUR","credit","2025-01-20 23:00:00+00","2025-01-20 23:00:00+00"
"4739285543","40000","Lohn/Gehalt","DE24700800000116665500","Abrechnung","EUR","credit","2025-07-20 23:00:00+00","2025-07-20 23:00:00+00"
"4739286350","40000","Lohn/Gehalt","DE24700800000116665500","Abrechnung","EUR","credit","2025-08-20 23:00:00+00","2025-08-20 23:00:00+00"
"4739286190","40000","Lohn/Gehalt","DE31700800000000024523","Abrechnung","EUR","credit","2025-03-20 23:00:00+00","2025-03-20 23:00:00+00"
"4739286160","40000","Lohn/Gehalt","DE26700800000012554200","Abrechnung","EUR","credit","2025-02-20 23:00:00+00","2025-02-20 23:00:00+00"
"4739286127","40000","Lohn/Gehalt","DE02700800000056567800","Abrechnung","EUR","credit","2025-01-20 23:00:00+00","2025-01-20 23:00:00+00"
"4739285415","40000","Lohn/Gehalt","DE31700800000000024523","Abrechnung","EUR","credit","2025-03-20 23:00:00+00","2025-03-20 23:00:00+00"
"4739285574","40000","Lohn/Gehalt","DE24700800000116665500","Abrechnung","EUR","credit","2025-08-20 23:00:00+00","2025-08-20 23:00:00+00"
"4739286319","40000","Lohn/Gehalt","DE24700800000116665500","Abrechnung","EUR","credit","2025-07-20 23:00:00+00","2025-07-20 23:00:00+00"
"4739285609","40000","Lohn/Gehalt","DE77700800000000023113","Abrechnung","EUR","credit","2025-09-20 23:00:00+00","2025-09-20 23:00:00+00"
"4739285448","40000","Lohn/Gehalt","DE77700800000000023113","Abrechnung","EUR","credit","2025-04-20 23:00:00+00","2025-04-20 23:00:00+00"
"4739286287","40000","Lohn/Gehalt","DE24700800000116665500","Abrechnung","EUR","credit","2025-06-20 23:00:00+00","2025-06-20 23:00:00+00"
"4739286337","9999","ALLIANZ Lebensversicherungs AG","DE56700800000081134600","5/12346/645","EUR","debit","2025-08-06 23:00:00+00","2025-08-06 23:00:00+00"
"4739285427","9999","ALLIANZ Lebensversicherungs AG","DE73700800000144543000","5/12346/645","EUR","debit","2025-03-31 23:00:00+00","2025-03-31 23:00:00+00"
"4739285528","9999","ALLIANZ Lebensversicherungs AG","DE56700800000081134600","5/12346/645","EUR","debit","2025-07-05 23:00:00+00","2025-07-05 23:00:00+00"
"4739286372","9999","ALLIANZ Lebensversicherungs AG","DE73700800000144543000","5/12346/645","EUR","debit","2025-09-07 23:00:00+00","2025-09-07 23:00:00+00"
"4739285629","9999","ALLIANZ Lebensversicherungs AG","DE56700800000081134600","5/12346/645","EUR","debit","2025-10-09 23:00:00+00","2025-10-09 23:00:00+00"
"4739286304","9999","ALLIANZ Lebensversicherungs AG","DE56700800000081134600","5/12346/645","EUR","debit","2025-07-05 23:00:00+00","2025-07-05 23:00:00+00"
"4739285596","9999","ALLIANZ Lebensversicherungs AG","DE73700800000144543000","5/12346/645","EUR","debit","2025-09-07 23:00:00+00","2025-09-07 23:00:00+00"
"4739285462","9999","ALLIANZ Lebensversicherungs AG","DE73700800000144543000","5/12346/645","EUR","debit","2025-05-02 23:00:00+00","2025-05-02 23:00:00+00"
"4739286270","9999","ALLIANZ Lebensversicherungs AG","DE56700800000081134600","5/12346/645","EUR","debit","2025-06-03 23:00:00+00","2025-06-03 23:00:00+00"
"4739286405","9999","ALLIANZ Lebensversicherungs AG","DE56700800000081134600","5/12346/645","EUR","debit","2025-10-09 23:00:00+00","2025-10-09 23:00:00+00"
"4739286202","9999","ALLIANZ Lebensversicherungs AG","DE73700800000144543000","5/12346/645","EUR","debit","2025-03-31 23:00:00+00","2025-03-31 23:00:00+00"
"4739286237","9999","ALLIANZ Lebensversicherungs AG","DE73700800000144543000","5/12346/645","EUR","debit","2025-05-02 23:00:00+00","2025-05-02 23:00:00+00"
"4739285561","9999","ALLIANZ Lebensversicherungs AG","DE56700800000081134600","5/12346/645","EUR","debit","2025-08-06 23:00:00+00","2025-08-06 23:00:00+00"
"4739286135","9999","ALLIANZ Lebensversicherungs AG","DE73700800000144543000","5/12346/645","EUR","debit","2025-01-26 23:00:00+00","2025-01-26 23:00:00+00"
"4739286168","9999","ALLIANZ Lebensversicherungs AG","DE73700800000144543000","5/12346/645","EUR","debit","2025-02-27 23:00:00+00","2025-02-27 23:00:00+00"
"4739285495","9999","ALLIANZ Lebensversicherungs AG","DE56700800000081134600","5/12346/645","EUR","debit","2025-06-03 23:00:00+00","2025-06-03 23:00:00+00"
"4739285393","9999","ALLIANZ Lebensversicherungs AG","DE73700800000144543000","5/12346/645","EUR","debit","2025-02-27 23:00:00+00","2025-02-27 23:00:00+00"
"4739285355","9999","ALLIANZ Lebensversicherungs AG","DE73700800000144543000","5/12346/645","EUR","debit","2025-01-26 23:00:00+00","2025-01-26 23:00:00+00"
"4739286343","13589","ALLIANZ LV / FLESSA KG","DE26700800000077777000","4/302460/639","EUR","debit","2025-08-12 23:00:00+00","2025-08-12 23:00:00+00"
"4739286175","13589","ALLIANZ LV / FLESSA KG","DE18700800000124578965","4/302460/639","EUR","debit","2025-03-05 23:00:00+00","2025-03-05 23:00:00+00"
"4739285365","13589","ALLIANZ LV / FLESSA KG","DE77700800000035687200","4/302460/639","EUR","debit","2025-02-01 23:00:00+00","2025-02-01 23:00:00+00"
"4739286142","13589","ALLIANZ LV / FLESSA KG","DE77700800000035687200","4/302460/639","EUR","debit","2025-02-01 23:00:00+00","2025-02-01 23:00:00+00"
"4739286276","13589","ALLIANZ LV / FLESSA KG","DE26700800000077777000","4/302460/639","EUR","debit","2025-06-09 23:00:00+00","2025-06-09 23:00:00+00"
"4739285400","13589","ALLIANZ LV / FLESSA KG","DE18700800000124578965","4/302460/639","EUR","debit","2025-03-05 23:00:00+00","2025-03-05 23:00:00+00"
"4739285434","13589","ALLIANZ LV / FLESSA KG","DE56700800000655132100","4/302460/639","EUR","debit","2025-04-06 23:00:00+00","2025-04-06 23:00:00+00"
"4739285567","13589","ALLIANZ LV / FLESSA KG","DE26700800000077777000","4/302460/639","EUR","debit","2025-08-12 23:00:00+00","2025-08-12 23:00:00+00"
"4739285501","13589","ALLIANZ LV / FLESSA KG","DE26700800000077777000","4/302460/639","EUR","debit","2025-06-09 23:00:00+00","2025-06-09 23:00:00+00"
"4739285534","13589","ALLIANZ LV / FLESSA KG","DE26700800000077777000","4/302460/639","EUR","debit","2025-07-11 23:00:00+00","2025-07-11 23:00:00+00"
"4739286378","13589","ALLIANZ LV / FLESSA KG","DE94700800000000003213","4/302460/639","EUR","debit","2025-09-13 23:00:00+00","2025-09-13 23:00:00+00"
"4739286209","13589","ALLIANZ LV / FLESSA KG","DE56700800000655132100","4/302460/639","EUR","debit","2025-04-06 23:00:00+00","2025-04-06 23:00:00+00"
"4739285602","13589","ALLIANZ LV / FLESSA KG","DE94700800000000003213","4/302460/639","EUR","debit","2025-09-13 23:00:00+00","2025-09-13 23:00:00+00"
"4739286243","13589","ALLIANZ LV / FLESSA KG","DE94700800000000003213","4/302460/639","EUR","debit","2025-05-08 23:00:00+00","2025-05-08 23:00:00+00"
"4739285468","13589","ALLIANZ LV / FLESSA KG","DE94700800000000003213","4/302460/639","EUR","debit","2025-05-08 23:00:00+00","2025-05-08 23:00:00+00"
"4739286310","13589","ALLIANZ LV / FLESSA KG","DE26700800000077777000","4/302460/639","EUR","debit","2025-07-11 23:00:00+00","2025-07-11 23:00:00+00"
"4739286107","13589","ALLIANZ LV / FLESSA KG","DE93700800000122221000","'4/302460/639","EUR","debit","2024-12-31 23:00:00+00","2024-12-31 23:00:00+00"
"4739285324","13589","ALLIANZ LV / FLESSA KG","DE93700800000122221000","'4/302460/639","EUR","debit","2024-12-31 23:00:00+00","2024-12-31 23:00:00+00"
